Phytoplankton Monitoring Programme results,,,,,,,,,,,,,,,
Sample number,Production area,Bed ID,Local authority,"Grid reference

Note 1             ",Sampling point,Date sample collected,"Alexandrium spp. 
cells L-1
(PSP)","Dinophysiaceae 
cells L-1
(DSP)","Prorocentrum lima 
cells L-1
(DSP)","Pseudo-nitzschia spp. 
cells L-1
(ASP) ","Ligulodinium polyedrum 
cells L-1
(Yessotoxin)","Protoceratium reticulatum 
cells L-1
(Yessotoxin) ","Prorocentrum cordatum 
cells L-1
(Venerupin) ",,
1/21,Solent,B24BK,Southampton PHA,SZ57479794,Browndown,1/4/2021,ND,ND,ND,ND,ND,ND,ND,,
2/21,Southampton Water,B21AT,Southampton PHA,SU48760530,Hamble Estuary,1/4/2021,ND,ND,ND,ND,ND,ND,ND,,
3/21,Brancaster,B05AS,Kings Lynn & W Norfolk BC,TF79884539,Norton Creek Mussels,1/5/2021,ND,ND,ND,400,ND,ND,ND,,
4/21,Porlock,B094D,Somerset West and Taunton Council,SS87114787,Porlock East,1/5/2021,ND,ND,ND,ND,ND,ND,ND,,
5/21,Blackwater,B14AD,Maldon DC,TM04060768,St Peters Flats,1/6/2021,ND,ND,ND,ND,ND,ND,ND,,
6/21,North Kent Coast,B17BS,Canterbury CC,TR10326689,WOCO Westbeach,1/11/2021,ND,ND,ND,ND,ND,ND,ND,,
7/21,West Mersea,B013Z,Colchester BC,TM00001301,The Hard,1/11/2021,ND,ND,ND,ND,ND,ND,ND,,
9/21,Fowey,B70AB,Cornwall PHA,SX13025157,Pont Pill,1/11/2021,ND,ND,ND,ND,ND,ND,ND,,
10/21,Lantivet Bay,B70AH,Cornwall PHA,SX16305094,Sandheap Point,1/11/2021,ND,ND,ND,ND,ND,ND,ND,,
11/21,Mevagissey Bay,B70AK,Cornwall PHA,SX05214698,South Mevagissey Bottom,1/11/2021,ND,ND,ND,ND,ND,ND,ND,,
12/21,St Austell Bay,B70AE,Cornwall PHA,SX05744972,Ropehaven Outer,1/11/2021,ND,ND,ND,ND,ND,ND,ND,,
13/21,Holy Island-Ross Links,B001M,Northumberland CC,NU12333958,Ross Links,1/10/2021,ND,ND,ND,ND,ND,ND,ND,,
14/21,Yealm,B031J,Plymouth PHA,SX54224904,Thorn,1/11/2021,ND,ND,ND,ND,ND,ND,ND,,
15/21,Poole,B54CI,"Bournemouth, Poole and Christchurch Council",SZ01818871,West Brownsea 1,1/12/2021,ND,ND,ND,ND,ND,ND,ND,,
16/21,Helford,B034W,Cornwall PHA,SW75462765,Porth Navas Quay,1/12/2021,"Unable to analyse, too much sediment","Unable to analyse, too much sediment","Unable to analyse, too much sediment","Unable to analyse, too much sediment","Unable to analyse, too much sediment","Unable to analyse, too much sediment","Unable to analyse, too much sediment",,
17/21,The Fleet,B25AI,Dorset Council,SY66477627,Fleet Oysters,1/12/2021,ND,ND,ND,200,,ND,ND,,
18/21,Butley,B009E,East Suffolk DC,TM39434850,Pumping Station Outfall,1/12/2021,"Unable to analyse, too much sediment","Unable to analyse, too much sediment","Unable to analyse, too much sediment","Unable to analyse, too much sediment","Unable to analyse, too much sediment","Unable to analyse, too much sediment","Unable to analyse, too much sediment",,
19/21,Deben,B010O,East Suffolk DC,TM28834500,Stonner Point,1/12/2021,ND,ND,ND,ND,ND,ND,ND,,
20/21,The Wash,B04AP,Kings Lynn & W Norfolk BC,TF65963701,Stubborn Sand,1/12/2021,ND,ND,ND,ND,ND,ND,ND,,
21/21,Roach,B73AF,London PHA,TQ94909207,Paglesham,1/12/2021,ND,ND,ND,ND,ND,ND,ND,,
22/21,Langstone Harbour,B019I,Portsmouth PHA,SU70560339,Stoke Common Lake,1/12/2021,ND,ND,ND,200,ND,ND,ND,,
23/21,Swansea,B037U,Swansea PHA,SS67659210,Queens Dock,1/12/2021,ND,ND,ND,ND,ND,ND,ND,,
24/21,Brixham,B082B,Torbay BC,SX90965741,Fishcombe SW Corner,1/12/2021,ND,ND,ND,ND,ND,ND,ND,,
25/21,Lyme Bay,B090M,Torbay BC,UNVERIFIED,Site 1,1/11/2021,ND,ND,ND,ND,ND,ND,ND,,
26/21,Taw/Torridge,B36AB,Torridge DC,SS46573142,Spratt Ridge East,1/11/2021,ND,ND,ND,ND,ND,ND,ND,,
27/21,The Wash,B003V,Boston BC,TF44234098,Toft,1/13/2021,ND,ND,ND,ND,ND,ND,ND,,
28/21,Blackwater,B014V,Maldon DC,TL91160795,Goldhanger,1/13/2021,ND,ND,ND,ND,ND,ND,ND,,
29/21,Crouch,B015Y,Maldon DC,TQ90429738,Althorne,1/13/2021,ND,ND,ND,ND,ND,ND,ND,,
30/21,Portsmouth Harbour,B020H,Portsmouth PHA,SU62850544,Paulsgrove,1/13/2021,ND,ND,ND,ND,ND,ND,ND,,
31/21,Dart,B028P,South Hams DC,SX87945350,Long Wood South,1/13/2021,ND,ND,ND,ND,ND,ND,ND,,
32/21,Start Bay,B087I,South Hams DC,SX84724671,Off Strete,1/13/2021,ND,ND,ND,ND,ND,ND,ND,,
33/21,Milford Haven,B39CZ,Pembrokeshire CC,SM89000275,Tethys Oyster,1/14/2021,"Unable to analyse, too much sediment","Unable to analyse, too much sediment","Unable to analyse, too much sediment","Unable to analyse, too much sediment","Unable to analyse, too much sediment","Unable to analyse, too much sediment","Unable to analyse, too much sediment",,
34/21,Burry Inlet,B038L,City and Council of Swansea,SS43409470,Whitford Point,1/18/2021,ND,40,ND,ND,ND,ND,ND,,
35/21,Swale,B076P,Swale BC,TR01316497,The Causeway,1/18/2021,ND,ND,ND,ND,ND,ND,ND,,
36/21,Burry Inlet,B038Y,Carmarthenshire CC,SS50209860,Machynys,1/19/2021,ND,ND,ND,ND,ND,ND,ND,,
37/21,Burry Inlet,B038I,City and Council of Swansea,SS50509590,South East 4,1/19/2021,"Unable to analyse, too much sediment","Unable to analyse, too much sediment","Unable to analyse, too much sediment","Unable to analyse, too much sediment","Unable to analyse, too much sediment","Unable to analyse, too much sediment","Unable to analyse, too much sediment",,
38/21,Fal,B033E,Cornwall PHA,SW85134212,Grimes Bar,1/19/2021,ND,ND,ND,ND,ND,ND,ND,,
39/21,Fal,B33BG,Cornwall PHA,SW82803517,Mylor Pool,1/19/2021,ND,ND,ND,ND,ND,ND,ND,,
40/21,Fal,B33BD,Cornwall PHA,SW84093949,Trelissick Pontoon,1/19/2021,ND,ND,ND,ND,ND,ND,ND,,
41/21,Blakeney,B006R,North Norfolk DC,TF91804549,Wells - The Pool,1/19/2021,ND,ND,ND,800,ND,ND,ND,,
43/21,Lune,BO66Z,Wyre BC,SD34194862,Knott Spit,1/20/2021,"Unable to analyse, too much sediment","Unable to analyse, too much sediment","Unable to analyse, too much sediment","Unable to analyse, too much sediment","Unable to analyse, too much sediment","Unable to analyse, too much sediment","Unable to analyse, too much sediment",,
44/21,Helford,B034W,Cornwall PHA,SW75462765,Porth Navas Quay,1/21/2021,ND,ND,ND,ND,ND,ND,ND,,
45/21,Percuil,B033R,Cornwall PHA,SW85853369,Percuil,1/21/2021,ND,ND,ND,ND,ND,ND,ND,,
46/21,Porthallow Cove,B34AA,Cornwall PHA,SW80212383,Porthallow North,1/21/2021,ND,ND,ND,ND,ND,ND,ND,,
47/21,Exe,B26BH,Teignbridge DC,SX97948072,Cockwood Harbour,1/25/2021,ND,ND,ND,ND,ND,ND,ND,,
48/21,Teign,B27AC,Teignbridge DC,SX92827284,Gas Works East,1/25/2021,ND,ND,ND,ND,ND,ND,ND,,
49/21,Morecambe Bay - Barrow,B077Q,Barrow-in-Furness BC,SD23116464,Roa Island,1/26/2021,ND,ND,ND,ND,ND,ND,ND,,
50/21,Butley,B009E,East Suffolk DC,TM39434850,Pumping Station Outfall,1/26/2021,ND,ND,ND,ND,ND,ND,ND,,
51/21,Conwy,B044V,Conwy CBC,SH76317972,Conwy West,1/26/2021,ND,ND,ND,ND,ND,ND,ND,,
52/21,Camel,B35AE,Cornwall CC,SW93407530,Porthilly Rock B,1/27/2021,ND,ND,ND,600,ND,ND,ND,,
53/21,Lune,BO66Z,Wyre BC,SD34194862,Knott Spit,1/27/2021,ND,ND,ND,ND,ND,ND,ND,,
55/21,Brancaster,B05AS,Kings Lynn & W Norfolk BC,TF79884539,Norton Creek Mussels,2/1/2021,ND,ND,ND,ND,ND,ND,ND,,
56/21,The Thames,B16BS,London PHA,TQ88148489,West of Southend Pier,2/1/2021,ND,ND,ND,ND,ND,ND,ND,,
57/21,Holy Island-Ross Links,B001M,Northumberland CC,NU12333958,Ross Links,1/31/2021,ND,ND,ND,ND,ND,ND,ND,,
58/21,The Wash,B003V,Boston BC,TF44234098,Toft,2/1/2021,ND,ND,ND,ND,ND,ND,ND,,
59/21,Deben,B010O,East Suffolk DC,TM28834500,Stonner Point,2/2/2021,ND,ND,ND,ND,ND,ND,ND,,
60/21,The Wash,B04AP,Kings Lynn & W Norfolk BC,TF65963701,Stubborn Sand,2/1/2021,ND,ND,ND,ND,ND,ND,ND,,
61/21,Poole,B54CI,"Bournemouth, Poole and Christchurch Council",SZ01818871,West Brownsea 1,2/9/2021,ND,ND,ND,ND,ND,ND,ND,,
62/21,The Fleet,B25AI,Dorset Council,SY66477627,Fleet Oysters,2/9/2021,ND,ND,ND,ND,ND,ND,ND,,
63/21,Yealm,B031J,Plymouth PHA,SX54224904,Thorn,2/9/2021,ND,ND,ND,ND,ND,ND,ND,,
64/21,Dart,B028B,South Hams DC,SX87415599,Waddeton,2/9/2021,ND,ND,ND,ND,ND,ND,ND,,
65/21,Taw/Torridge,B36AB,Torridge DC,SS46573142,Spratt Ridge East,2/8/2021,ND,ND,ND,ND,ND,ND,ND,,
66/21,Conwy,B044V,Conwy CBC,SH76317972,Conwy West,2/9/2021,ND,ND,ND,ND,ND,ND,ND,,
67/21,Porlock,B094D,Somerset West and Taunton Council,SS87114787,Porlock East,2/9/2021,ND,ND,ND,ND,ND,ND,ND,,
68/21,Dart,B028P,South Hams DC,SX87945350,Long Wood South,2/10/2021,ND,ND,ND,ND,ND,ND,ND,,
69/21,Bigbury upon Avon,B030J,South Hams DC,SX67114467,South Hexdown North,2/10/2021,ND,ND,100,ND,ND,ND,ND,,
70/21,Solent,B24BK,Southampton PHA,SZ57479794,Browndown,2/10/2021,ND,ND,ND,ND,ND,ND,ND,,
71/21,Southampton Water,B21AT,Southampton PHA,SU48760530,Hamble Estuary,2/10/2021,ND,ND,ND,ND,ND,ND,ND,,
72/21,Swansea,B037U,Swansea PHA,SS67659210,Queens Dock,2/10/2021,ND,ND,ND,ND,ND,ND,ND,,
73/21,Helford,B034W,Cornwall PHA,SW75462765,Porth Navas Quay,2/10/2021,"Unable to analyse, too much sediment","Unable to analyse, too much sediment","Unable to analyse, too much sediment","Unable to analyse, too much sediment","Unable to analyse, too much sediment","Unable to analyse, too much sediment","Unable to analyse, too much sediment",,
74/21,Roach,B73AF,London PHA,TQ94909207,Paglesham,2/11/2021,ND,ND,ND,ND,ND,ND,ND,,
75/21,Blackwater,B014V,Maldon DC,TL91160795,Goldhanger,2/11/2021,ND,ND,ND,ND,ND,ND,ND,,
76/21,Lune,BO66Z,Wyre BC,SD34194862,Knott Spit,2/11/2021,ND,ND,ND,800,ND,ND,ND,,
78/21,Burry Inlet,B038L,City and Council of Swansea,SS43409470,Whitford Point,2/15/2021,ND,ND,ND,80,ND,ND,ND,,
79/21,Lantivet Bay,B70AH,Cornwall PHA,SX16305094,Sandheap Point,2/15/2021,ND,ND,ND,200,ND,ND,ND,,
80/21,Mevagissey Bay,B70AK,Cornwall PHA,SX05214698,South Mevagissey Bottom,2/15/2021,ND,ND,ND,80,ND,ND,ND,,
81/21,St Austell Bay,B70AE,Cornwall PHA,SX05744972,Ropehaven Outer,2/15/2021,ND,ND,ND,ND,ND,ND,ND,,
82/21,Milford Haven,B39CZ,Pembrokeshire CC,SM89000275,Tethys Oyster,2/15/2021,ND,ND,ND,ND,ND,ND,ND,,
83/21,Burry Inlet,B038Y,Carmarthenshire CC,SS50209860,Machynys,2/16/2021,ND,ND,ND,ND,ND,ND,ND,,
84/21,Burry Inlet,B038I,City and Council of Swansea,SS50509590,South East 4,2/16/2021,ND,ND,ND,ND,ND,ND,ND,,
85/21,Fal,B033E,Cornwall PHA,SW85134212,Grimes Bar,2/16/2021,ND,ND,ND,ND,ND,ND,ND,,
86/21,Fal,B33BG,Cornwall PHA,SW82803517,Mylor Pool,2/16/2021,ND,ND,ND,800,ND,ND,ND,,
87/21,Fal,B33BD,Cornwall PHA,SW84093949,Trelissick Pontoon,2/16/2021,ND,ND,ND,ND,ND,ND,ND,,
88/21,Butley,B009E,East Suffolk DC,TM39434850,Pumping Station Outfall,2/15/2021,ND,ND,ND,ND,ND,ND,ND,,
89/21,Blackwater,B14AD,Maldon DC,TM04060768,St Peters Flats,2/16/2021,ND,ND,ND,ND,ND,ND,ND,,
90/21,Langstone Harbour,B019I,Portsmouth PHA,SU70560339,Stoke Common Lake,2/16/2021,ND,ND,ND,1000,ND,ND,ND,,
91/21,North Kent Coast,B17BS,Canterbury CC,TR10326689,WOCO Westbeach,2/16/2021,ND,ND,ND,ND,ND,ND,ND,,
92/21,Camel,B35AE,Cornwall CC,SW93407530,Porthilly Rock B,2/17/2021,ND,ND,ND,400,ND,ND,ND,,
93/21,Helford,B034W,Cornwall PHA,SW75462765,Porth Navas Quay,2/17/2021,200,ND,ND,ND,ND,ND,ND,,
94/21,Menai Strait East,B055S,Gwynedd CC,SH58337328,West of Bangor Pier,2/16/2021,ND,ND,ND,ND,ND,ND,ND,,
95/21,Menai Strait West,B042O,Gwynedd CC,SH49916579,Area 11 East,2/17/2021,ND,ND,ND,ND,ND,ND,ND,,
96/21,Crouch,B015Y,Maldon DC,TQ90429738,Althorne,2/17/2021,"Unable to analyse, too much sediment","Unable to analyse, too much sediment","Unable to analyse, too much sediment","Unable to analyse, too much sediment","Unable to analyse, too much sediment","Unable to analyse, too much sediment","Unable to analyse, too much sediment",,
97/21,Portsmouth Harbour,B020H,Portsmouth PHA,SU62850544,Paulsgrove,2/17/2021,ND,ND,ND,ND,ND,ND,ND,,
98/21,Blakeney,B006R,North Norfolk DC,TF91804549,Wells - The Pool,2/18/2021,ND,ND,ND,1000,ND,ND,ND,,
99/21,Swale,B076P,Swale BC,TR01316497,The Causeway,2/18/2021,ND,ND,ND,ND,ND,ND,ND,,
101/21,West Mersea,B013Z,Colchester BC,TM00001301,The Hard,2/22/2021,ND,ND,ND,160,ND,ND,ND,,
102/21,Exe,B26BH,Teignbridge DC,SX97948072,Cockwood Harbour,2/23/2021,ND,ND,ND,ND,ND,ND,ND,,
103/21,Teign,B27AC,Teignbridge DC,SX92827284,Gas Works East,2/23/2021,ND,ND,ND,ND,ND,ND,ND,,
104/21,Brixham,B082B,Torbay BC,SX90965741,Fishcombe SW Corner,2/22/2021,ND,ND,ND,320,ND,ND,ND,,
105/21,Lyme Bay,B090M,Torbay BC,UNVERIFIED,Site 1,2/22/2021,ND,ND,ND,80,ND,ND,ND,,
106/21,Morecambe Bay - Barrow,B077Q,Barrow-in-Furness BC,SD23116464,Roa Island,2/24/2021,ND,ND,ND,ND,ND,ND,ND,,
107/21,Helford,B034W,Cornwall PHA,SW75462765,Porth Navas Quay,2/25/2021,ND,ND,ND,ND,ND,ND,ND,,
108/21,Porthallow Cove,B34AA,Cornwall PHA,SW80212383,Porthallow North,2/25/2021,ND,ND,ND,ND,ND,ND,ND,,
109/21,Anglesey - Red Wharf Bay,B057J,Ynys Mon CC,SH53148022,Nodwydd,2/25/2021,ND,ND,ND,560,ND,ND,ND,,
110/21,The Thames,B16BS,London PHA,TQ88148489,West of Southend Pier,3/1/2021,ND,ND,ND,800,ND,ND,ND,,
111/21,Bigbury upon Avon,B030J,South Hams DC,SX67114467,South Hexdown North,3/1/2021,ND,ND,ND,ND,ND,ND,ND,,
112/21,The Wash,B003V,Boston BC,TF44234098,Toft,3/1/2021,ND,ND,ND,ND,ND,ND,ND,,
113/21,Brancaster,B05AS,Kings Lynn & W Norfolk BC,TF79884539,Norton Creek Mussels,3/2/2021,ND,ND,ND,ND,ND,ND,ND,,
114/21,The Wash,B04AP,Kings Lynn & W Norfolk BC,TF65963701,Stubborn Sand,3/1/2021,ND,ND,ND,600,ND,ND,ND,,
115/21,Portsmouth Harbour,B020H,Portsmouth PHA,SU62850544,Paulsgrove,3/2/2021,ND,ND,ND,ND,ND,ND,ND,,
116/21,Blackwater,B14AD,Maldon DC,TM04060768,St Peters Flats,3/3/2021,ND,ND,ND,ND,ND,ND,ND,,
117/21,Langstone Harbour,B019I,Portsmouth PHA,SU70560339,Stoke Common Lake,3/3/2021,ND,ND,ND,ND,ND,ND,ND,,
118/21,Blakeney,B006R,North Norfolk DC,TF91804549,Wells - The Pool,3/4/2021,ND,ND,ND,3600,ND,ND,ND,,
120/21,West Mersea,B013Z,Colchester BC,TM00001301,The Hard,3/9/2021,ND,ND,ND,ND,ND,ND,ND,,
121/21,Helford,B034W,Cornwall PHA,SW75462765,Porth Navas Quay,3/9/2021,ND,ND,ND,ND,ND,ND,ND,,
122/21,Lantivet Bay,B70AH,Cornwall PHA,SX16305094,Sandheap Point,3/9/2021,ND,ND,ND,ND,ND,ND,ND,,
123/21,Mevagissey Bay,B70AK,Cornwall PHA,SX05214698,South Mevagissey Bottom,3/9/2021,40,ND,ND,1160,ND,ND,ND,,
124/21,St Austell Bay,B70AE,Cornwall PHA,SX05744972,Ropehaven Outer,3/9/2021,ND,ND,ND,2400,ND,ND,ND,,
125/21,Butley,B009E,East Suffolk DC,TM39434850,Pumping Station Outfall,3/9/2021,"Unable to analyse, too much sediment","Unable to analyse, too much sediment","Unable to analyse, too much sediment","Unable to analyse, too much sediment","Unable to analyse, too much sediment","Unable to analyse, too much sediment","Unable to analyse, too much sediment",,
126/21,Deben,B010O,East Suffolk DC,TM28834500,Stonner Point,3/9/2021,ND,ND,ND,ND,ND,ND,ND,,
127/21,Yealm,B031J,Plymouth PHA,SX54224904,Thorn,3/9/2021,ND,ND,ND,ND,ND,ND,ND,,
128/21,Start Bay,B087I,South Hams DC,SX84724671,Off Strete,3/9/2021,ND,ND,ND,ND,ND,ND,ND,,
129/21,Solent,B24BK,Southampton PHA,SZ57479794,Browndown,3/9/2021,ND,ND,ND,ND,ND,ND,ND,,
130/21,Southampton Water,B21AT,Southampton PHA,SU48760530,Hamble Estuary,3/9/2021,ND,ND,ND,ND,ND,ND,ND,,
131/21,Swansea,B037U,Swansea PHA,SS67659210,Queens Dock,3/9/2021,ND,ND,ND,ND,ND,ND,ND,,
132/21,Taw/Torridge,B36AB,Torridge DC,SS46573142,Spratt Ridge East,3/8/2021,ND,ND,ND,200,ND,ND,ND,,
133/21,The Fleet,B25AI,Dorset Council,SY66477627,Fleet Oysters,3/9/2021,ND,ND,ND,ND,ND,ND,ND,,
134/21,Crouch,B015Y,Maldon DC,TQ90429738,Althorne,3/10/2021,ND,ND,ND,ND,ND,ND,ND,,
135/21,Lune,BO66Z,Wyre BC,SD34194862,Knott Spit,3/10/2021,ND,ND,ND,ND,ND,ND,ND,,
137/21,Anglesey - Red Wharf Bay,B057J,Ynys Mon CC,SH53148022,Nodwydd,3/12/2021,ND,ND,ND,ND,ND,ND,ND,,
138/21,Poole,B54CI,"Bournemouth, Poole and Christchurch Council",SZ01818871,West Brownsea 1,3/15/2021,ND,ND,ND,ND,ND,ND,ND,,
139/21,Burry Inlet,B038L,City and Council of Swansea,SS43409470,Whitford Point,3/15/2021,ND,ND,ND,ND,ND,ND,ND,,
140/21,Roach,B73AF,London PHA,TQ94909207,Paglesham,3/15/2021,ND,ND,ND,ND,ND,ND,ND,,
141/21,Holy Island-Ross Links,B001M,Northumberland CC,NU12333958,Ross Links,3/14/2021,ND,ND,ND,2700,ND,ND,ND,,
142/21,Milford Haven,B39CZ,Pembrokeshire CC,SM89000275,Tethys Oyster,3/15/2021,"Unable to analyse, too much sediment","Unable to analyse, too much sediment","Unable to analyse, too much sediment","Unable to analyse, too much sediment","Unable to analyse, too much sediment","Unable to analyse, too much sediment","Unable to analyse, too much sediment",,
143/21,Porlock,B094D,Somerset West and Taunton Council,SS87114787,Porlock East,3/15/2021,ND,ND,ND,ND,ND,ND,ND,,
144/21,North Kent Coast,B17BS,Canterbury CC,TR10326689,WOCO Westbeach,3/15/2021,"Unable to analyse, too much sediment","Unable to analyse, too much sediment","Unable to analyse, too much sediment","Unable to analyse, too much sediment","Unable to analyse, too much sediment","Unable to analyse, too much sediment","Unable to analyse, too much sediment",,
145/21,Burry Inlet,B038Y,Carmarthenshire CC,SS50209860,Machynys,3/16/2021,ND,ND,ND,ND,ND,ND,ND,,
146/21,Burry Inlet,B038I,City and Council of Swansea,SS50509590,South East 4,3/16/2021,ND,ND,ND,ND,ND,ND,ND,,
147/21,Mevagissey Bay,B70AK,Cornwall PHA,SX05214698,South Mevagissey Bottom,3/16/2021,ND,ND,ND,80,ND,ND,ND,,
148/21,Menai Strait East,B055S,Gwynedd CC,SH58337328,West of Bangor Pier,3/16/2021,ND,ND,ND,ND,ND,ND,ND,,
149/21,Menai Strait West,B042O,Gwynedd CC,SH49916579,Area 11 East,3/17/2021,ND,ND,ND,ND,ND,ND,ND,,
150/21,Brixham,B082B,Torbay BC,SX90965741,Fishcombe SW Corner,3/15/2021,ND,ND,ND,ND,ND,ND,ND,,
151/21,Lyme Bay,B090M,Torbay BC,UNVERIFIED,Site 1,3/15/2021,ND,ND,ND,80,ND,ND,40,,
152/21,Swale,B076P,Swale BC,TR01316497,The Causeway,3/18/2021,ND,ND,ND,ND,ND,ND,ND,,
153/21,North Kent Coast,B17BS,Canterbury CC,TR10326689,WOCO Westbeach,3/21/2021,ND,ND,ND,ND,ND,ND,ND,,
154/21,Butley,B009E,East Suffolk DC,TM39434850,Pumping Station Outfall,3/22/2021,ND,ND,ND,ND,ND,ND,ND,,
155/21,Exe,B26BH,Teignbridge DC,SX97948072,Cockwood Harbour,3/22/2021,ND,ND,ND,ND,ND,ND,ND,,
156/21,Teign,B27AC,Teignbridge DC,SX92827284,Gas Works East,3/22/2021,ND,ND,ND,400,ND,ND,ND,,
157/21,Fal,B033E,Cornwall PHA,SW85134212,Grimes Bar,3/23/2021,ND,ND,ND,ND,ND,ND,ND,,
158/21,Fal,B33BG,Cornwall PHA,SW82803517,Mylor Pool,3/23/2021,ND,ND,ND,ND,ND,ND,ND,,
159/21,Fal,B33BD,Cornwall PHA,SW84093949,Trelissick Pontoon,3/23/2021,ND,ND,ND,400,ND,ND,ND,,
160/21,Blackwater,B014V,Maldon DC,TL91160795,Goldhanger,3/23/2021,ND,ND,ND,ND,ND,ND,ND,,
161/21,Camel,B35AE,Cornwall CC,SW93407530,Porthilly Rock B,3/23/2021,ND,ND,ND,400,ND,ND,ND,,
162/21,Percuil,B033R,Cornwall PHA,SW85853369,Percuil,3/24/2021,ND,ND,ND,ND,ND,ND,ND,,
163/21,Porthallow Cove,B34AA,Cornwall PHA,SW80212383,Porthallow North,3/24/2021,ND,80,ND,ND,ND,ND,ND,,
164/21,Milford Haven,B39CZ,Pembrokeshire CC,SM89000275,Tethys Oyster,3/26/2021,ND,ND,ND,ND,ND,ND,ND,,
165/21,Conwy,B044V,Conwy CBC,SH76317972,Conwy West,3/29/2021,ND,ND,ND,600,ND,ND,ND,,
166/21,Morecambe Bay - Barrow,B077Q,Barrow-in-Furness BC,SD23116464,Roa Island,3/30/2021,100,ND,ND,ND,ND,ND,ND,,
167/21,Portland,B25AK,Dorset Council,SY68707757,Site A,3/30/2021,ND,ND,ND,12720,ND,ND,ND,,
168/21,Conwy,B044V,Conwy CBC,SH76317972,Conwy West,4/6/2021,ND,ND,ND,1400,ND,ND,ND,,
169/21,Fal,B33AN,Cornwall PHA,SW81963551,Mylor Creek,4/6/2021,ND,ND,ND,160,ND,ND,40,,
170/21,Fal,B033Y,Cornwall PHA,SW85024095,Ruan Pontoon/Tregothnan,4/6/2021,ND,ND,ND,ND,ND,ND,ND,,
171/21,Fal,B33BD,Cornwall PHA,SW84093949,Trelissick Pontoon,4/6/2021,ND,ND,ND,160,ND,ND,ND,,
172/21,Porthallow Cove,B34AA,Cornwall PHA,SW80212383,Porthallow North,4/6/2021,ND,ND,ND,400,ND,ND,ND,,
173/21,Brancaster,B05AS,Kings Lynn & W Norfolk BC,TF79884539,Norton Creek Mussels,4/6/2021,ND,ND,ND,1000,ND,ND,ND,,
174/21,Blackwater,B14AD,Maldon DC,TM04060768,St Peters Flats,4/6/2021,ND,ND,ND,ND,ND,ND,ND,,
175/21,Crouch,B015Y,Maldon DC,TQ90429738,Althorne,4/6/2021,ND,ND,ND,ND,ND,ND,ND,,
176/21,Swansea,B037U,Swansea PHA,SS67659210,Queens Dock,4/6/2021,ND,ND,ND,ND,ND,ND,ND,,
177/21,Morecambe Bay - Barrow,B077Q,Barrow-in-Furness BC,SD23116464,Roa Island,4/7/2021,ND,ND,ND,240,ND,ND,ND,,
178/21,West Mersea,B013Z,Colchester BC,TM00001301,The Hard,4/7/2021,ND,ND,ND,ND,ND,ND,ND,,
180/21,Helford,B034W,Cornwall PHA,SW75462765,Porth Navas Quay,4/7/2021,ND,ND,ND,ND,ND,ND,ND,,
181/21,Lantivet Bay,B70AH,Cornwall PHA,SX16305094,Sandheap Point,4/6/2021,ND,ND,ND,160,ND,ND,ND,,
182/21,Mevagissey Bay,B70AK,Cornwall PHA,SX05214698,South Mevagissey Bottom,4/6/2021,ND,40,ND,640,ND,ND,ND,,
183/21,St Austell Bay,B70AE,Cornwall PHA,SX05744972,Ropehaven Outer,4/6/2021,ND,ND,ND,ND,ND,ND,ND,,
184/21,Blackwater,B014V,Maldon DC,TL91160795,Goldhanger,4/7/2021,ND,ND,ND,ND,ND,ND,ND,,
185/21,Yealm,B031J,Plymouth PHA,SX54224904,Thorn,4/7/2021,ND,ND,ND,ND,ND,ND,ND,,
186/21,Taw/Torridge,B36AB,Torridge DC,SS46573142,Spratt Ridge East,4/6/2021,ND,ND,ND,400,ND,ND,ND,,
187/21,Lune,BO66Z,Wyre BC,SD34194862,Knott Spit,4/7/2021,ND,ND,ND,400,ND,ND,ND,,
189/21,Roach,B73AF,London PHA,TQ94909207,Paglesham,4/8/2021,ND,ND,ND,ND,ND,ND,200,,
190/21,Holy Island-Ross Links,B001M,Northumberland CC,NU12333958,Ross Links,4/11/2021,ND,ND,ND,600,ND,ND,ND,,
191/21,Bigbury upon Avon,B030J,South Hams DC,SX67114467,South Hexdown North,4/12/2021,ND,ND,ND,ND,ND,ND,ND,,
192/21,Anglesey - Red Wharf Bay,B057J,Ynys Mon CC,SH53148022,Nodwydd,4/12/2021,ND,ND,ND,880,ND,ND,ND,,
193/21,Morecambe Bay - Barrow,B077Q,Barrow-in-Furness BC,SD23116464,Roa Island,4/13/2021,ND,40,ND,960,ND,ND,ND,,
194/21,The Wash,B003V,Boston BC,TF44234098,Toft,4/12/2021,ND,ND,ND,2400,ND,ND,ND,,
195/21,Poole,B54CI,"Bournemouth, Poole and Christchurch Council",SZ01818871,West Brownsea 1,4/13/2021,ND,ND,ND,ND,ND,ND,ND,,
196/21,North Kent Coast,B17BS,Canterbury CC,TR10326689,WOCO Westbeach,4/12/2021,ND,ND,ND,3200,ND,ND,ND,,
197/21,Burry Inlet,B038Y,Carmarthenshire CC,SS50209860,Machynys,4/13/2021,ND,ND,ND,ND,ND,ND,ND,,
198/21,Burry Inlet,B038I,City and Council of Swansea,SS50509590,South East 4,4/13/2021,ND,ND,ND,ND,ND,ND,ND,,
199/21,Burry Inlet,B038L,City and Council of Swansea,SS43409470,Whitford Point,4/13/2021,ND,ND,ND,160,ND,ND,ND,,
200/21,Camel,B35AE,Cornwall CC,SW93407530,Porthilly Rock B,4/13/2021,ND,ND,ND,ND,ND,ND,ND,,
201/21,The Fleet,B25AI,Dorset Council,SY66477627,Fleet Oysters,4/13/2021,ND,ND,ND,1080,ND,ND,ND,,
202/21,Butley,B009E,East Suffolk DC,TM39434850,Pumping Station Outfall,4/13/2021,ND,ND,ND,ND,ND,ND,ND,,
203/21,Deben,B010O,East Suffolk DC,TM28834500,Stonner Point,4/13/2021,"Unable to analyse, too much sediment","Unable to analyse, too much sediment","Unable to analyse, too much sediment","Unable to analyse, too much sediment","Unable to analyse, too much sediment","Unable to analyse, too much sediment","Unable to analyse, too much sediment",,
204/21,The Wash,B04AP,Kings Lynn & W Norfolk BC,TF65963701,Stubborn Sand,4/12/2021,"Unable to analyse, too much sediment","Unable to analyse, too much sediment","Unable to analyse, too much sediment","Unable to analyse, too much sediment","Unable to analyse, too much sediment","Unable to analyse, too much sediment","Unable to analyse, too much sediment",,
205/21,The Thames,B16CN,London PHA,TR06779599,Crouch Approach,4/13/2021,ND,ND,ND,200,ND,ND,ND,,
206/21,The Thames,B16CM,London PHA,TR00508769,East of Havengore Creek,4/13/2021,ND,ND,ND,ND,ND,ND,ND,,
207/21,The Thames,B16BR,London PHA,TQ93798271,Phoenix,4/13/2021,ND,ND,ND,ND,ND,ND,ND,,
208/21,Milford Haven,B39CZ,Pembrokeshire CC,SM89000275,Tethys Oyster,4/13/2021,ND,ND,ND,ND,ND,ND,ND,,
209/21,Brixham,B082B,Torbay BC,SX90965741,Fishcombe SW Corner,4/12/2021,ND,ND,ND,160,ND,ND,ND,,
210/21,Lyme Bay,B090M,Torbay BC,UNVERIFIED,Site 1,4/12/2021,ND,ND,ND,840,ND,ND,ND,,
211/21,Blackwater,B14AD,Maldon DC,TM04060768,St Peters Flats,4/14/2021,ND,ND,ND,ND,ND,ND,ND,,
212/21,Porlock,B094D,Somerset West and Taunton Council,SS87114787,Porlock East,4/14/2021,ND,ND,ND,200,ND,ND,ND,,
213/21,Solent,B24BK,Southampton PHA,SZ57479794,Browndown,4/14/2021,ND,ND,ND,560,ND,ND,ND,,
214/21,Southampton Water,B21AT,Southampton PHA,SU48760530,Hamble Estuary,4/14/2021,ND,ND,ND,640,ND,ND,ND,,
215/21,Exe,B26BH,Teignbridge DC,SX97948072,Cockwood Harbour,4/14/2021,ND,ND,ND,320,ND,ND,ND,,
216/21,Teign,B27AC,Teignbridge DC,SX92827284,Gas Works East,4/14/2021,ND,ND,ND,320,ND,ND,ND,,
217/21,Blakeney,B006R,North Norfolk DC,TF91804549,Wells - The Pool,4/15/2021,ND,ND,ND,3800,ND,ND,ND,,
219/21,Conwy,B044V,Conwy CBC,SH76317972,Conwy West,4/19/2021,ND,ND,ND,2360,ND,ND,ND,,
220/21,Lantivet Bay,B70AH,Cornwall PHA,SX16305094,Sandheap Point,4/19/2021,ND,ND,ND,840,ND,ND,ND,,
221/21,Mevagissey Bay,B70AK,Cornwall PHA,SX05214698,South Mevagissey Bottom,4/19/2021,ND,80,ND,ND,ND,ND,ND,,
222/21,St Austell Bay,B70AE,Cornwall PHA,SX05744972,Ropehaven Outer,4/19/2021,ND,ND,ND,4600,ND,ND,ND,,
223/21,Menai Strait East,B055S,Gwynedd CC,SH58337328,West of Bangor Pier,4/18/2021,ND,ND,ND,8760,ND,ND,ND,,
224/21,Menai Strait West,B042O,Gwynedd CC,SH49916579,Area 11 East,4/19/2021,ND,ND,ND,3480,ND,ND,ND,,
225/21,Bigbury upon Avon,B030J,South Hams DC,SX67114467,South Hexdown North,4/19/2021,ND,ND,ND,ND,ND,ND,ND,,
226/21,Start Bay,B087I,South Hams DC,SX84724671,Off Strete,4/19/2021,ND,ND,ND,120,ND,ND,ND,,
227/21,Taw/Torridge,B36AB,Torridge DC,SS46573142,Spratt Ridge East,4/19/2021,ND,ND,ND,3600,ND,ND,ND,,
228/21,Fal,B33AN,Cornwall PHA,SW81963551,Mylor Creek,4/20/2021,ND,ND,ND,ND,ND,ND,ND,,
229/21,Fal,B033Y,Cornwall PHA,SW85024095,Ruan Pontoon/Tregothnan,4/20/2021,ND,ND,ND,80,ND,ND,ND,,
230/21,Fal,B33BD,Cornwall PHA,SW84093949,Trelissick Pontoon,4/20/2021,ND,ND,ND,320,ND,ND,ND,,
231/21,Portland,B25AK,Dorset Council,SY68707757,Site A,4/19/2021,ND,ND,ND,1920,ND,ND,ND,,
232/21,Butley,B009E,East Suffolk DC,TM39434850,Pumping Station Outfall,4/20/2021,ND,ND,ND,ND,ND,ND,ND,,
233/21,Deben,B010O,East Suffolk DC,TM28834500,Stonner Point,4/20/2021,ND,ND,ND,800,ND,ND,ND,,
234/21,Brancaster,B05AS,Kings Lynn & W Norfolk BC,TF79884539,Norton Creek Mussels,4/20/2021,ND,ND,ND,ND,ND,ND,ND,,
235/21,Porthallow Cove,B34AA,Cornwall PHA,SW80212383,Porthallow North,4/21/2021,ND,ND,ND,1760,ND,ND,ND,,
236/21,The Fleet,B25AI,Dorset Council,SY66477627,Fleet Oysters,4/26/2021,ND,ND,ND,280,ND,ND,ND,,
237/21,Roach,B73AF,London PHA,TQ94909207,Paglesham,4/26/2021,ND,ND,ND,400,ND,ND,ND,,
238/21,Dart,B028B,South Hams DC,SX87415599,Waddeton,4/26/2021,ND,40,ND,1960,ND,ND,ND,,
239/21,Lune,BO66Z,Wyre BC,SD34194862,Knott Spit,4/26/2021,ND,ND,ND,5600,ND,ND,ND,,
241/21,Anglesey - Red Wharf Bay,B057J,Ynys Mon CC,SH53148022,Nodwydd,4/26/2021,ND,ND,ND,4280,ND,ND,ND,,
242/21,Morecambe Bay - Barrow,B077Q,Barrow-in-Furness BC,SD23116464,Roa Island,4/27/2021,ND,80,ND,3960,ND,ND,ND,,
243/21,Helford,B034W,Cornwall PHA,SW75462765,Porth Navas Quay,4/27/2021,ND,ND,ND,ND,ND,ND,ND,,
244/21,The Thames,B16CN,London PHA,TR06779599,Crouch Approach,4/27/2021,ND,ND,ND,8100,ND,ND,ND,,
245/21,The Thames,B16CM,London PHA,TR00508769,East of Havengore Creek,4/27/2021,ND,ND,ND,10300,ND,ND,ND,,
246/21,The Thames,B16BR,London PHA,TQ93798271,Phoenix,4/27/2021,ND,ND,ND,3000,ND,ND,ND,,
247/21,Crouch,B015Y,Maldon DC,TQ90429738,Althorne,4/27/2021,ND,ND,ND,ND,ND,ND,ND,,
248/21,Holy Island-Ross Links,B001M,Northumberland CC,NU12333958,Ross Links,4/26/2021,ND,ND,ND,1480,ND,ND,ND,,
249/21,Start Bay,B087I,South Hams DC,SX84724671,Off Strete,4/27/2021,ND,40,ND,720,ND,ND,ND,,
250/21,North Kent Coast,B17BS,Canterbury CC,TR10326689,WOCO Westbeach,4/27/2021,ND,ND,ND,400,ND,ND,ND,,
251/21,Camel,B35AE,Cornwall CC,SW93407530,Porthilly Rock B,4/28/2021,ND,ND,ND,2080,ND,ND,ND,,
252/21,The Wash,B04AP,Kings Lynn & W Norfolk BC,TF65963701,Stubborn Sand,4/27/2021,ND,ND,ND,8600,ND,ND,ND,,
253/21,Blackwater,B014V,Maldon DC,TL91160795,Goldhanger,4/28/2021,ND,ND,ND,ND,ND,ND,ND,,
254/21,Porlock,B094D,Somerset West and Taunton Council,SS87114787,Porlock East,4/28/2021,ND,ND,ND,ND,ND,ND,ND,,
255/21,Solent,B24BK,Southampton PHA,SZ57479794,Browndown,4/28/2021,100,ND,ND,185500,ND,ND,ND,,
256/21,Southampton Water,B21AT,Southampton PHA,SU48760530,Hamble Estuary,4/28/2021,ND,ND,ND,60900,ND,ND,ND,,
257/21,Swansea,B037U,Swansea PHA,SS67659210,Queens Dock,4/28/2021,ND,ND,ND,ND,ND,ND,40,,
258/21,Exe,B26BH,Teignbridge DC,SX97948072,Cockwood Harbour,4/28/2021,ND,ND,ND,ND,ND,ND,ND,,
259/21,Teign,B27AC,Teignbridge DC,SX92827284,Gas Works East,4/28/2021,ND,ND,ND,ND,720,ND,ND,,
260/21,Blakeney,B006R,North Norfolk DC,TF91804549,Wells - The Pool,4/29/2021,ND,ND,ND,1800,ND,ND,ND,,
261/21,Fal,B33AN,Cornwall PHA,SW81963551,Mylor Creek,5/4/2021,ND,ND,ND,200,300,ND,200,,
262/21,Fal,B033Y,Cornwall PHA,SW85024095,Ruan Pontoon/Tregothnan,5/4/2021,ND,ND,ND,ND,ND,ND,100,,
263/21,Fal,B33BD,Cornwall PHA,SW84093949,Trelissick Pontoon,5/4/2021,100,ND,ND,ND,ND,ND,ND,,
264/21,Porthallow Cove,B34AA,Cornwall PHA,SW80212383,Porthallow North,5/4/2021,ND,ND,ND,6280,ND,ND,ND,,
265/21,Butley,B009E,East Suffolk DC,TM39434850,Pumping Station Outfall,5/4/2021,ND,ND,ND,4600,ND,ND,ND,,
266/21,Deben,B010O,East Suffolk DC,TM28834500,Stonner Point,5/4/2021,"Unable to analyse, too much sediment","Unable to analyse, too much sediment","Unable to analyse, too much sediment","Unable to analyse, too much sediment","Unable to analyse, too much sediment","Unable to analyse, too much sediment","Unable to analyse, too much sediment",,
267/21,Brancaster,B05AS,Kings Lynn & W Norfolk BC,TF79884539,Norton Creek Mussels,5/4/2021,ND,ND,ND,2900,ND,ND,ND,,
268/21,Taw/Torridge,B36AB,Torridge DC,SS46573142,Spratt Ridge East,5/4/2021,ND,ND,ND,400,ND,ND,ND,,
270/21,West Mersea,B013Z,Colchester BC,TM00001301,The Hard,5/5/2021,ND,ND,ND,1900,ND,ND,ND,,
271/21,Blackwater,B14AD,Maldon DC,TM04060768,St Peters Flats,5/5/2021,ND,ND,ND,2000,ND,ND,ND,,
272/21,Lantivet Bay,B70AI,Cornwall PHA,SX16305094,Sandheap Point,5/5/2021,ND,ND,ND,1840,ND,ND,ND,,
273/21,Mevagissey Bay,B70AK,Cornwall PHA,SX05214698,South Mevagissey Bottom,5/5/2021,ND,80,ND,2280,ND,ND,ND,,
274/21,St Austell Bay,B70AE,Cornwall PHA,SX05744972,Ropehaven Outer,5/5/2021,ND,ND,ND,7080,ND,ND,ND,,
275/21,Yealm,B031J,Plymouth PHA,SX54224904,Thorn,5/5/2021,ND,ND,ND,ND,ND,ND,ND,,
276/21,Start Bay,B087I,South Hams DC,SX84724671,Off Strete,5/5/2021,ND,ND,ND,80,ND,ND,ND,,
277/21,The Wash,B003V,Boston BC,TF44234098,Toft,5/10/2021,ND,ND,ND,ND,ND,ND,ND,,
278/21,Burry Inlet,B038I,City and Council of Swansea,SS50509590,South East 4,5/10/2021,ND,ND,ND,ND,ND,ND,ND,,
279/21,Helford,B034W,Cornwall PHA,SW75462765,Porth Navas Quay,5/10/2021,200,ND,ND,1000,ND,ND,ND,,
280/21,Roach,B73AF,London PHA,TQ94909207,Paglesham,5/10/2021,ND,ND,ND,ND,ND,ND,ND,,
281/21,The Thames,B16CN,London PHA,TR06779599,Crouch Approach,5/10/2021,ND,ND,ND,13080,ND,ND,ND,,
282/21,The Thames,B16CM,London PHA,TR00508769,East of Havengore Creek,5/10/2021,ND,ND,ND,17400,ND,ND,ND,,
283/21,The Thames,B16BR,London PHA,TQ93798271,Phoenix,5/10/2021,ND,ND,ND,13720,ND,ND,ND,,
284/21,Holy Island-Ross Links,B001M,Northumberland CC,NU12333958,Ross Links,5/10/2021,ND,ND,ND,ND,ND,ND,ND,,
285/21,Bigbury upon Avon,B030J,South Hams DC,SX67114467,South Hexdown North,5/10/2021,ND,ND,ND,80,ND,ND,ND,,
286/21,Dart,B028P,South Hams DC,SX87945350,Long Wood South,5/10/2021,ND,ND,ND,400,ND,ND,40,,
287/21,Anglesey - Red Wharf Bay,B057J,Ynys Mon CC,SH53148022,Nodwydd,5/10/2021,ND,ND,ND,200,ND,ND,ND,,
288/21,Poole,B54CI,"Bournemouth, Poole and Christchurch Council",SZ01818871,West Brownsea 1,5/11/2021,ND,ND,ND,11300,ND,ND,ND,,
289/21,Burry Inlet,B038Y,Carmarthenshire CC,SS50209860,Machynys,5/11/2021,ND,ND,40,ND,ND,ND,ND,,
290/21,Burry Inlet,B038L,City and Council of Swansea,SS43409470,Whitford Point,5/11/2021,ND,ND,ND,240,ND,ND,ND,,
291/21,Conwy,B044V,Conwy CBC,SH76317972,Conwy West,5/11/2021,ND,ND,ND,8300,ND,ND,ND,,
292/21,Camel,B35AE,Cornwall CC,SW93407530,Porthilly Rock B,5/11/2021,ND,ND,ND,2100,ND,ND,ND,,
293/21,The Fleet,B25AI,Dorset Council,SY66477627,Fleet Oysters,5/11/2021,ND,ND,40,360,ND,ND,ND,,
294/21,The Wash,B04AP,Kings Lynn & W Norfolk BC,TF65963701,Stubborn Sand,5/11/2021,ND,ND,ND,800,ND,ND,ND,,
295/21,Crouch,B015Y,Maldon DC,TQ90429738,Althorne,5/11/2021,ND,ND,ND,ND,ND,ND,ND,,
296/21,Swansea,B037U,Swansea PHA,SS67659210,Queens Dock,5/11/2021,ND,ND,ND,ND,ND,ND,ND,,
297/21,Exe,B26BH,Teignbridge DC,SX97948072,Cockwood Harbour,5/11/2021,ND,ND,ND,1200,ND,ND,ND,,
298/21,Teign,B27AC,Teignbridge DC,SX92827284,Gas Works East,5/11/2021,ND,ND,ND,4800,ND,ND,ND,,
299/21,North Kent Coast,B17BS,Canterbury CC,TR10326689,WOCO Westbeach,5/11/2021,ND,ND,ND,ND,ND,ND,ND,,
300/21,Fal,B33BD,Cornwall PHA,SW84093949,Trelissick Pontoon,5/12/2021,ND,ND,ND,1120,ND,ND,ND,,
301/21,Deben,B010O,East Suffolk DC,TM28834500,Stonner Point,5/12/2021,ND,ND,ND,ND,ND,ND,ND,,
302/21,Dee,B45AB,Flintshire CC,SJ17568056,Salisbury,5/11/2021,ND,ND,ND,66400,ND,ND,200,,
303/21,Blackwater,B014V,Maldon DC,TL91160795,Goldhanger,5/12/2021,ND,ND,ND,ND,ND,ND,ND,,
304/21,Porlock,B094D,Somerset West and Taunton Council,SS87114787,Porlock East,5/12/2021,ND,ND,ND,400,ND,ND,ND,,
305/21,Solent,B24BK,Southampton PHA,SZ57479794,Browndown,5/12/2021,ND,ND,ND,152900,ND,ND,100,,
306/21,Southampton Water,B21AT,Southampton PHA,SU48760530,Hamble Estuary,5/12/2021,ND,ND,ND,71400,ND,ND,ND,,
307/21,Blakeney,B006R,North Norfolk DC,TF91804549,Wells - The Pool,5/13/2021,ND,ND,ND,800,ND,ND,ND,,
308/21,Milford Haven,B39CZ,Pembrokeshire CC,SM89000275,Tethys Oyster,5/12/2021,100,ND,ND,ND,ND,ND,ND,,
309/21,Lantivet Bay,B70AH,Cornwall PHA,SX16305094,Sandheap Point,5/17/2021,ND,ND,ND,13520,ND,ND,ND,,
310/21,Mevagissey Bay,B70AK,Cornwall PHA,SX05214698,South Mevagissey Bottom,5/17/2021,ND,ND,ND,42120,ND,ND,ND,,
311/21,St Austell Bay,B70AE,Cornwall PHA,SX05744972,Ropehaven Outer,5/17/2021,ND,40,ND,38520,ND,ND,ND,,
312/21,Portland,B25AK,Dorset Council,SY68707757,Site A,5/17/2021,ND,ND,ND,800,ND,ND,ND,,
313/21,Brancaster,B05AS,Kings Lynn & W Norfolk BC,TF79884539,Norton Creek Mussels,5/17/2021,40,ND,ND,1640,ND,ND,80,,
314/21,Taw/Torridge,B36AB,Torridge DC,SS46573142,Spratt Ridge East,5/17/2021,ND,ND,ND,1300,ND,ND,ND,,
315/21,Fal,B33AN,Cornwall PHA,SW81963551,Mylor Creek,5/18/2021,ND,ND,ND,6440,ND,ND,280,,
316/21,Fal,B033Y,Cornwall PHA,SW85024095,Ruan Pontoon/Tregothnan,5/18/2021,ND,ND,ND,4800,ND,ND,160,,
317/21,Fal,B33BD,Cornwall PHA,SW84093949,Trelissick Pontoon,5/18/2021,ND,ND,ND,3280,ND,ND,80,,
318/21,Helford,B034W,Cornwall PHA,SW75462765,Porth Navas Quay,5/17/2021,ND,ND,ND,ND,ND,ND,ND,,
319/21,Butley,B009E,East Suffolk DC,TM39434850,Pumping Station Outfall,5/18/2021,ND,ND,ND,2000,ND,ND,ND,,
320/21,Deben,B010O,East Suffolk DC,TM28834500,Stonner Point,5/18/2021,ND,ND,ND,400,ND,ND,ND,,
321/21,Blackwater,B14AD,Maldon DC,TM04060768,St Peters Flats,5/18/2021,ND,ND,ND,1900,ND,ND,ND,,
322/21,Start Bay,B087I,South Hams DC,SX84724671,Off Strete,5/18/2021,ND,40,ND,13680,ND,ND,ND,,
323/21,Solent,B24BK,Southampton PHA,SZ57479794,Browndown,5/18/2021,ND,ND,ND,252000,ND,ND,ND,,
324/21,Porthallow Cove,B34AA,Cornwall PHA,SW80212383,Porthallow North,5/19/2021,ND,ND,ND,18400,ND,ND,ND,,
325/21,Swale,B076P,Swale BC,TR01316497,The Causeway,5/19/2021,ND,ND,ND,1800,ND,ND,ND,,
326/21,Lune,BO66Z,Wyre BC,SD34194862,Knott Spit,5/19/2021,ND,ND,ND,ND,ND,ND,ND,,
328/21,West Mersea,B013Z,Colchester BC,TM00001301,The Hard,5/24/2021,ND,ND,ND,1600,ND,ND,ND,,
330/21,Brancaster,B05AS,Kings Lynn & W Norfolk BC,TF79884539,Norton Creek Mussels,5/24/2021,ND,ND,ND,8000,ND,ND,ND,,
331/21,Roach,B73AF,London PHA,TQ94909207,Paglesham,5/24/2021,ND,ND,ND,1300,ND,ND,ND,,
332/21,Bigbury upon Avon,B030J,South Hams DC,SX67114467,South Hexdown North,5/24/2021,ND,ND,ND,ND,ND,ND,ND,,
333/21,Dart,B028B,South Hams DC,SX87415599,Waddeton,5/24/2021,ND,ND,ND,ND,ND,ND,ND,,
334/21,Anglesey - Red Wharf Bay,B057J,Ynys Mon CC,SH53148022,Nodwydd,5/24/2021,ND,ND,ND,1360,ND,ND,ND,,
335/21,Morecambe Bay - Barrow,B077Q,Barrow-in-Furness BC,SD23116464,Roa Island,5/25/2021,ND,ND,ND,ND,ND,ND,ND,,
336/21,North Kent Coast,B17BS,Canterbury CC,TR10326689,WOCO Westbeach,5/24/2021,ND,ND,ND,ND,ND,ND,ND,,
337/21,Conwy,B044V,Conwy CBC,SH76317972,Conwy West,5/25/2021,ND,ND,ND,5800,ND,ND,ND,,
338/21,The Fleet,B25AI,Dorset Council,SY66477627,Fleet Oysters,5/25/2021,ND,ND,ND,760,ND,ND,ND,,
339/21,Holy Island-Ross Links,B001M,Northumberland CC,NU12333958,Ross Links,5/24/2021,ND,ND,ND,ND,ND,ND,ND,,
340/21,Milford Haven,B39CZ,Pembrokeshire CC,SM89000275,Tethys Oyster,5/24/2021,ND,ND,ND,ND,ND,ND,ND,,
341/21,Helford,B034W,Cornwall PHA,SW75462765,Porth Navas Quay,5/26/2021,ND,ND,ND,7560,ND,ND,ND,,
342/21,Dee,B45AB,Flintshire CC,SJ17568056,Salisbury,5/26/2021,ND,ND,ND,27800,ND,ND,ND,,
343/21,Menai Strait East,B055S,Gwynedd CC,SH58337328,West of Bangor Pier,5/26/2021,ND,ND,ND,3200,ND,ND,100,,
344/21,Menai Strait West,B042O,Gwynedd CC,SH49916579,Area 11 East,5/26/2021,ND,ND,ND,1300,ND,ND,ND,,
345/21,The Thames,B16CN,London PHA,TR06779599,Crouch Approach,5/26/2021,ND,ND,ND,600,ND,ND,ND,,
346/21,The Thames,B16CM,London PHA,TR00508769,East of Havengore Creek,5/26/2021,ND,ND,ND,1600,ND,ND,ND,,
347/21,The Thames,B16BR,London PHA,TQ93798271,Phoenix,5/26/2021,ND,ND,ND,3800,ND,ND,ND,,
348/21,Crouch,B015Y,Maldon DC,TQ90429738,Althorne,5/26/2021,ND,ND,ND,1800,ND,ND,ND,,
349/21,Porlock,B094D,Somerset West and Taunton Council,SS87114787,Porlock East,5/26/2021,ND,ND,ND,ND,ND,ND,ND,,
350/21,Solent,B24BK,Southampton PHA,SZ57479794,Browndown,5/26/2021,ND,ND,ND,289400,ND,ND,ND,,
351/21,Southampton Water,B21AT,Southampton PHA,SU48760530,Hamble Estuary,5/26/2021,ND,ND,ND,68760,ND,ND,ND,,
352/21,Swansea,B037U,Swansea PHA,SS67659210,Queens Dock,5/26/2021,ND,ND,ND,ND,ND,ND,ND,,
353/21,Brixham,B082B,Torbay BC,SX90965741,Fishcombe SW Corner,5/26/2021,ND,160,ND,15280,ND,ND,ND,,
354/21,Lyme Bay,B090M,Torbay BC,UNVERIFIED,Site 1,5/25/2021,40,160,ND,23000,ND,ND,ND,,
355/21,Blackwater,B014V,Maldon DC,TL91160795,Goldhanger,5/27/2021,ND,ND,ND,ND,ND,ND,ND,,
356/21,Blakeney,B006R,North Norfolk DC,TF91804549,Wells - The Pool,5/27/2021,ND,ND,ND,34600,ND,ND,ND,,
357/21,Exe,B26BH,Teignbridge DC,SX97948072,Cockwood Harbour,5/27/2021,ND,ND,ND,60000,ND,ND,ND,,
358/21,Teign,B27AC,Teignbridge DC,SX92827284,Gas Works East,5/27/2021,ND,ND,ND,43000,ND,ND,ND,,
359/21,Fal,B033Y,Cornwall PHA,SW85024095,Ruan Pontoon/Tregothnan,6/1/2021,ND,ND,ND,6640,ND,ND,200,,
360/21,Fal,B33BD,Cornwall PHA,SW84093949,Trelissick Pontoon,6/1/2021,ND,ND,ND,8800,ND,ND,ND,,
361/21,Lantivet Bay,B70AH,Cornwall PHA,SX16305094,Sandheap Point,6/1/2021,ND,40,ND,16600,ND,ND,ND,,
362/21,Mevagissey Bay,B70AK,Cornwall PHA,SX05214698,South Mevagissey Bottom,6/1/2021,120,520,ND,17120,ND,ND,ND,,
363/21,St Austell Bay,B70AE,Cornwall PHA,SX05744972,Ropehaven Outer,6/1/2021,ND,240,ND,6320,ND,ND,240,,
364/21,Portland,B25AK,Dorset Council,SY68707757,Site A,6/1/2021,ND,ND,ND,560,ND,ND,ND,,
365/21,Brancaster,B05AS,Kings Lynn & W Norfolk BC,TF79884539,Norton Creek Mussels,6/1/2021,ND,ND,ND,48400,ND,ND,200,,
366/21,Blackwater,B14AD,Maldon DC,TM04060768,St Peters Flats,6/1/2021,ND,ND,ND,1100,ND,ND,ND,,
367/21,Brixham,B082B,Torbay BC,SX90965741,Fishcombe SW Corner,6/1/2021,80,160,ND,252000,ND,ND,40,,
368/21,Lyme Bay,B090M,Torbay BC,UNVERIFIED,Site 1,5/31/2021,ND,240,ND,162000,ND,ND,ND,,
369/21,Taw/Torridge,B36AB,Torridge DC,SS46573142,Spratt Ridge East,6/1/2021,ND,ND,ND,24600,ND,ND,ND,,
370/21,Camel,B35AE,Cornwall CC,SW93407530,Porthilly Rock B,6/2/2021,ND,ND,ND,4200,ND,ND,ND,,
371/21,Fal,B33AN,Cornwall PHA,SW81963551,Mylor Creek,6/2/2021,40,ND,40,8920,ND,ND,40,,
372/21,Porthallow Cove,B34AA,Cornwall PHA,SW80212383,Porthallow North,6/2/2021,320,320,ND,16320,ND,ND,ND,,
373/21,Butley,B009E,East Suffolk DC,TM39434850,Pumping Station Outfall,6/3/2021,ND,ND,ND,600,ND,ND,ND,,
374/21,Deben,B010O,East Suffolk DC,TM28834500,Stonner Point,6/3/2021,ND,ND,ND,ND,ND,ND,ND,,
375/21,Mevagissey Bay,B70AK,Cornwall PHA,SX05214698,South Mevagissey Bottom,6/7/2021,ND,200,ND,1680,ND,ND,ND,,
376/21,St Austell Bay,B70AE,Cornwall PHA,SX05744972,Ropehaven Outer,6/7/2021,ND,280,ND,520,ND,ND,ND,,
377/21,Roach,B73AF,London PHA,TQ94909207,Paglesham,6/7/2021,ND,ND,ND,840,ND,ND,ND,,
378/21,The Thames,B16CN,London PHA,TR06779599,Crouch Approach,6/7/2021,ND,ND,ND,220,ND,ND,ND,,
379/21,The Thames,B16CM,London PHA,TR00508769,East of Havengore Creek,6/7/2021,ND,ND,ND,2840,ND,ND,ND,,
380/21,The Thames,B16BR,London PHA,TQ93798271,Phoenix,6/7/2021,40,ND,ND,1240,ND,ND,ND,,
381/21,Holy Island-Ross Links,B001M,Northumberland CC,NU12333958,Ross Links,6/6/2021,ND,ND,ND,ND,ND,ND,ND,,
382/21,Bigbury upon Avon,B030J,South Hams DC,SX67114467,South Hexdown North,6/7/2021,ND,ND,ND,320,ND,ND,ND,,
383/21,Anglesey - Red Wharf Bay,B057J,Ynys Mon CC,SH53148022,Nodwydd,6/7/2021,ND,ND,ND,3080,ND,ND,40,,
384/21,Morecambe Bay - Barrow,B077Q,Barrow-in-Furness BC,SD23116464,Roa Island,6/8/2021,ND,ND,ND,ND,ND,ND,ND,,
385/21,The Wash,B003V,Boston BC,TF44234098,Toft,6/7/2021,ND,ND,ND,15100,ND,ND,100,,
386/21,Poole,B54CI,"Bournemouth, Poole and Christchurch Council",SZ01818871,West Brownsea 1,6/8/2021,ND,ND,ND,52700,ND,ND,ND,,
387/21,North Kent Coast,B17BS,Canterbury CC,TR10326689,WOCO Westbeach,6/7/2021,ND,ND,ND,ND,ND,ND,ND,,
388/21,Helford,B034W,Cornwall PHA,SW75462765,Porth Navas Quay,6/8/2021,ND,ND,ND,ND,ND,ND,ND,,
389/21,The Fleet,B25AI,Dorset Council,SY66477627,Fleet Oysters,6/8/2021,ND,ND,ND,960,ND,ND,ND,,
390/21,The Wash,B04AP,Kings Lynn & W Norfolk BC,TF65963701,Stubborn Sand,6/7/2021,ND,ND,ND,4700,ND,ND,ND,,
391/21,Porlock,B094D,Somerset West and Taunton Council,SS87114787,Porlock East,6/7/2021,ND,ND,ND,ND,ND,ND,ND,,
392/21,Brixham,B082B,Torbay BC,SX90965741,Fishcombe SW Corner,6/7/2021,ND,80,ND,11560,ND,ND,ND,,
393/21,Lyme Bay,B090M,Torbay BC,UNVERIFIED,Site 1,6/7/2021,ND,80,ND,45440,ND,ND,ND,,
394/21,Fal,B33AN,Cornwall PHA,SW81963551,Mylor Creek,6/9/2021,ND,ND,ND,960,ND,ND,ND,,
395/21,Porthallow Cove,B34AA,Cornwall PHA,SW80212383,Porthallow North,6/9/2021,ND,ND,ND,3520,ND,ND,ND,,
396/21,Dee,B45AB,Flintshire CC,SJ17568056,Salisbury,6/9/2021,ND,ND,ND,52200,ND,ND,ND,,
397/21,Blackwater,B14AD,Maldon DC,TM04060768,St Peters Flats,6/9/2021,ND,ND,ND,400,ND,ND,ND,,
398/21,Dart,B028P,South Hams DC,SX87945350,Long Wood South,6/9/2021,ND,40,ND,19240,ND,ND,200,,
399/21,Start Bay,B087I,South Hams DC,SX84724671,Off Strete,6/9/2021,ND,ND,ND,11000,ND,ND,ND,,
400/21,Solent,B24BK,Southampton PHA,SZ57479794,Browndown,6/9/2021,ND,ND,ND,13600,ND,ND,ND,,
401/21,Southampton Water,B21AT,Southampton PHA,SU48760530,Hamble Estuary,6/9/2021,40,ND,ND,19360,ND,ND,ND,,
402/21,Swansea,B037U,Swansea PHA,SS67659210,Queens Dock,6/9/2021,ND,ND,ND,ND,ND,ND,240,,
403/21,Milford Haven,B39CZ,Pembrokeshire CC,SM89000275,Tethys Oyster,6/10/2021,ND,ND,ND,ND,ND,ND,ND,,
404/21,Burry Inlet,B038L,City and Council of Swansea,SS43409470,Whitford Point,6/14/2021,ND,ND,ND,720,ND,ND,ND,,
405/21,Lantivet Bay,B70AH,Cornwall PHA,SX16305094,Sandheap Point,6/14/2021,ND,ND,40,40,ND,ND,ND,,
406/21,Mevagissey Bay,B70AK,Cornwall PHA,SX05214698,South Mevagissey Bottom,6/14/2021,ND,40,ND,560,ND,ND,ND,,
407/21,St Austell Bay,B70AE,Cornwall PHA,SX05744972,Ropehaven Outer,6/14/2021,200,280,ND,2400,ND,ND,ND,,
408/21,Portland,B25AM,Dorset Council,SY68707757,Site A,6/14/2021,ND,ND,ND,2720,ND,ND,ND,,
409/21,Menai Strait East,B055S,Gwynedd CC,SH58337328,West of Bangor Pier,6/13/2021,ND,ND,ND,7200,ND,ND,ND,,
410/21,Menai Strait West,B042O,Gwynedd CC,SH49916579,Area 11 East,6/14/2021,ND,400,ND,800,ND,ND,ND,,
411/21,Swale,B076P,Swale BC,TR01316497,The Causeway,6/14/2021,ND,ND,ND,ND,ND,ND,ND,,
412/21,Taw/Torridge,B36AB,Torridge DC,SS46573142,Spratt Ridge East,6/14/2021,ND,40,ND,1560,40,ND,ND,,
413/21,Burry Inlet,B038I,City and Council of Swansea,SS50509590,South East 4,6/15/2021,ND,ND,ND,24900,ND,ND,ND,,
414/21,Camel,B35AE,Cornwall CC,SW93407530,Porthilly Rock B,6/15/2021,ND,ND,ND,ND,ND,ND,ND,,
415/21,Butley,B009E,East Suffolk DC,TM39434850,Pumping Station Outfall,6/15/2021,ND,ND,ND,ND,ND,ND,200,,
416/21,Brancaster,B05AS,Kings Lynn & W Norfolk BC,TF79884539,Norton Creek Mussels,6/15/2021,ND,ND,ND,58600,ND,ND,300,,
417/21,Blakeney,B006R,North Norfolk DC,TF91804549,Wells - The Pool,6/15/2021,ND,ND,ND,753000,ND,ND,1000,,
418/21,Exe,B26BH,Teignbridge DC,SX97948072,Cockwood Harbour,6/15/2021,ND,ND,ND,1200,ND,ND,ND,,
419/21,Teign,B27AC,Teignbridge DC,SX92827284,Gas Works East,6/15/2021,ND,ND,ND,6880,ND,ND,ND,,
420/21,Fal,B33AN,Cornwall PHA,SW81963551,Mylor Creek,6/16/2021,ND,ND,ND,2900,ND,ND,ND,,
421/21,Fal,B033Y,Cornwall PHA,SW85024095,Ruan Pontoon/Tregothnan,6/16/2021,ND,ND,ND,3480,ND,ND,ND,,
422/21,Fal,B33BD,Cornwall PHA,SW84093949,Trelissick Pontoon,6/16/2021,ND,ND,ND,2200,ND,ND,ND,,
423/21,Porthallow Cove,B34AA,Cornwall PHA,SW80212383,Porthallow North,6/16/2021,ND,80,ND,1000,ND,ND,ND,,
424/21,Southampton Water,B21AT,Southampton PHA,SU48760530,Hamble Estuary,6/16/2021,40,ND,ND,118000,ND,ND,ND,,
425/21,Lyme Bay,B090M,Torbay BC,UNVERIFIED,Site 1,6/15/2021,ND,160,ND,5480,ND,ND,ND,,
426/21,Deben,B010O,East Suffolk DC,TM28834500,Stonner Point,6/15/2021,ND,ND,ND,ND,ND,ND,ND,,
428/21,West Mersea,B013Z,Colchester BC,TM00001301,The Hard,6/21/2021,ND,ND,ND,480,ND,ND,ND,,
429/21,Helford,B034W,Cornwall PHA,SW75462765,Porth Navas Quay,6/21/2021,ND,ND,ND,ND,ND,ND,ND,,
430/21,St Austell Bay,B70AE,Cornwall PHA,SX05744972,Ropehaven Outer,6/21/2021,ND,200,ND,80,ND,ND,ND,,
431/21,Roach,B73AF,London PHA,TQ94909207,Paglesham,6/21/2021,ND,ND,ND,200,ND,ND,200,,
432/21,Morecambe Bay - Barrow,B077Q,Barrow-in-Furness BC,SD23116464,Roa Island,6/22/2021,ND,ND,ND,160,ND,ND,ND,,
433/21,North Kent Coast,B17BS,Canterbury CC,TR10326689,WOCO Westbeach,6/21/2021,ND,ND,ND,ND,ND,ND,ND,,
434/21,The Fleet,B25AI,Dorset Council,SY66477627,Fleet Oysters,6/22/2021,ND,ND,ND,7120,ND,ND,ND,,
435/21,Holy Island-Ross Links,B001M,Northumberland CC,NU12333958,Ross Links,6/20/2021,ND,ND,ND,ND,ND,ND,ND,,
436/21,Anglesey - Red Wharf Bay,B057J,Ynys Mon CC,SH53148022,Nodwydd,6/22/2021,ND,80,ND,9360,ND,ND,ND,,
437/21,The Thames,B16CN,London PHA,TR06779599,Crouch Approach,6/23/2021,ND,ND,ND,ND,ND,ND,ND,,
438/21,The Thames,B16CM,London PHA,TR00508769,East of Havengore Creek,6/23/2021,ND,ND,ND,400,ND,ND,ND,,
439/21,The Thames,B16BR,London PHA,TQ93798271,Phoenix,6/23/2021,ND,ND,ND,1000,ND,ND,ND,,
440/21,Blackwater,B14AD,Maldon DC,TM04060768,St Peters Flats,6/23/2021,"Unable to analyse, too much sediment","Unable to analyse, too much sediment","Unable to analyse, too much sediment","Unable to analyse, too much sediment","Unable to analyse, too much sediment","Unable to analyse, too much sediment","Unable to analyse, too much sediment",,
441/21,Crouch,B015Y,Maldon DC,TQ90429738,Althorne,6/23/2021,ND,ND,ND,ND,ND,ND,ND,,
442/21,Bigbury upon Avon,B030J,South Hams DC,SX67114467,South Hexdown North,6/23/2021,40,ND,ND,160,ND,ND,ND,,
443/21,Solent,B24BK,Southampton PHA,SZ57479794,Browndown,6/23/2021,ND,ND,ND,12760,ND,ND,ND,,
444/21,Southampton Water,B21AT,Southampton PHA,SU48760530,Hamble Estuary,6/23/2021,ND,ND,ND,ND,ND,ND,ND,,
445/21,Swansea,B037U,Swansea PHA,SS67659210,Queens Dock,6/23/2021,ND,ND,ND,1000,ND,ND,280000,,
446/21,Blackwater,B014V,Maldon DC,TL91160795,Goldhanger,6/24/2021,ND,ND,ND,ND,ND,ND,ND,,
447/21,Milford Haven,B39CZ,Pembrokeshire CC,SM89000275,Tethys Oyster,6/23/2021,ND,ND,ND,1080,ND,ND,ND,,
448/21,Porlock,B094D,Somerset West and Taunton Council,SS87114787,Porlock East,6/24/2021,ND,ND,ND,400,ND,ND,ND,,
449/21,Lyme Bay,B090M,Torbay BC,UNVERIFIED,Site 1,6/23/2021,ND,120,ND,11320,ND,ND,ND,,
450/21,Taw/Torridge,B36AB,Torridge DC,SS46573142,Spratt Ridge East,6/24/2021,ND,ND,ND,6480,ND,ND,ND,,
451/21,Dee,B45AB,Flintshire CC,SJ17568056,Salisbury,6/24/2021,ND,ND,ND,1200,ND,ND,ND,,
452/21,Burry Inlet,B038Y,Carmarthenshire CC,SS50209860,Machynys,6/28/2021,ND,40,ND,ND,ND,ND,ND,,
453/21,Camel,B35AE,Cornwall CC,SW93407530,Porthilly Rock B,6/28/2021,ND,200,ND,240,ND,ND,ND,,
454/21,Portland,B25AK,Dorset Council,SY68707757,Site A,6/28/2021,ND,ND,ND,109000,ND,ND,ND,,
455/21,Butley,B009E,East Suffolk DC,TM39434850,Pumping Station Outfall,6/29/2021,ND,ND,ND,ND,ND,ND,ND,,
456/21,Deben,B010O,East Suffolk DC,TM28834500,Stonner Point,6/29/2021,ND,ND,ND,ND,ND,ND,ND,,
457/21,Blakeney,B006R,North Norfolk DC,TF91804549,Wells - The Pool,6/29/2021,ND,ND,ND,9000,ND,ND,ND,,
458/21,Start Bay,B087I,South Hams DC,SX84724671,Off Strete,6/29/2021,ND,ND,ND,12000,ND,ND,ND,,
459/21,Exe,B26BH,Teignbridge DC,SX97948072,Cockwood Harbour,6/29/2021,ND,ND,ND,13400,ND,ND,ND,,
460/21,Teign,B27AC,Teignbridge DC,SX92827284,Gas Works East,6/29/2021,ND,ND,ND,7680,ND,ND,ND,,
461/21,Fal,B33AN,Cornwall PHA,SW81963551,Mylor Creek,6/30/2021,ND,ND,ND,200,ND,ND,ND,,
462/21,Fal,B033Y,Cornwall PHA,SW85024095,Ruan Pontoon/Tregothnan,6/30/2021,200,160,ND,240,ND,ND,ND,,
463/21,Fal,B33BD,Cornwall PHA,SW84093949,Trelissick Pontoon,6/30/2021,40,ND,ND,ND,ND,ND,ND,,
464/21,Lantivet Bay,B70AH,Cornwall PHA,SX16305094,Sandheap Point,6/30/2021,200,400,ND,4600,ND,ND,ND,,
465/21,Mevagissey Bay,B70AK,Cornwall PHA,SX05214698,South Mevagissey Bottom,6/30/2021,40,800,ND,2080,ND,ND,ND,,
466/21,Porthallow Cove,B34AA,Cornwall PHA,SW80212383,Porthallow North,6/30/2021,40,400,ND,720,ND,ND,ND,,
467/21,St Austell Bay,B70AE,Cornwall PHA,SX05744972,Ropehaven Outer,6/30/2021,40,1360,ND,1840,ND,ND,ND,,
468/21,Menai Strait East,B055S,Gwynedd CC,SH58337328,West of Bangor Pier,6/29/2021,ND,ND,ND,ND,ND,ND,ND,,
469/21,Menai Strait West,B042O,Gwynedd CC,SH49916579,Area 11 East,6/30/2021,ND,200,ND,ND,ND,ND,1200,,
470/21,Lyme Bay,B090M,Torbay BC,UNVERIFIED,Site 1,6/29/2021,ND,40,ND,1840,ND,ND,ND,,
471/21,Brancaster,B05AS,Kings Lynn & W Norfolk BC,TF79884539,Norton Creek Mussels,7/1/2021,ND,ND,ND,200,ND,ND,ND,,
472/21,Blackwater,B014V,Maldon DC,TL91160795,Goldhanger,7/5/2021,ND,ND,ND,ND,ND,ND,ND,,
473/21,Crouch,B015Y,Maldon DC,TQ90429738,Althorne,7/5/2021,ND,ND,ND,ND,ND,ND,ND,,
474/21,Holy Island-Ross Links,B001M,Northumberland CC,NU12333958,Ross Links,7/4/2021,ND,ND,ND,ND,ND,ND,ND,,
475/21,Swansea,B037U,Swansea PHA,SS67659210,Queens Dock,7/5/2021,ND,ND,ND,ND,ND,ND,1574000,,
476/21,Helford,B034W,Cornwall PHA,SW75462765,Porth Navas Quay,7/6/2021,ND,ND,ND,300,ND,ND,ND,,
477/21,The Fleet,B25AI,Dorset Council,SY66477627,Fleet Oysters,7/6/2021,ND,ND,200,5200,ND,ND,ND,,
478/21,Yealm,B031J,Plymouth PHA,SX54224904,Thorn,7/6/2021,100,ND,ND,400,ND,ND,ND,,
479/21,Lyme Bay,B090M,Torbay BC,UNVERIFIED,Site 1,7/5/2021,ND,ND,ND,5800,ND,ND,ND,,
480/21,West Mersea,B013Z,Colchester BC,TM00001301,The Hard,7/7/2021,ND,ND,ND,ND,ND,ND,ND,,
482/21,Camel,B35AE,Cornwall CC,SW93407530,Porthilly Rock B,7/7/2021,ND,400,ND,ND,ND,ND,ND,,
483/21,Fal,B033Y,Cornwall PHA,SW85024095,Ruan Pontoon/Tregothnan,7/7/2021,ND,ND,ND,ND,ND,ND,ND,,
484/21,Fal,B33BD,Cornwall PHA,SW84093949,Trelissick Pontoon,7/7/2021,400,ND,ND,600,ND,ND,ND,,
485/21,Lantivet Bay,B70AH,Cornwall PHA,SX16305094,Sandheap Point,7/7/2021,ND,240,ND,2360,ND,ND,40,,
486/21,Porthallow Cove,B34AA,Cornwall PHA,SW80212383,Porthallow North,7/7/2021,ND,720,ND,2000,ND,ND,ND,,
487/21,St Austell Bay,B70AE,Cornwall PHA,SX05744972,Ropehaven Outer,7/7/2021,ND,640,ND,400,ND,ND,ND,,
488/21,Dart,B028P,South Hams DC,SX87945350,Long Wood South,7/7/2021,ND,ND,ND,7080,ND,ND,ND,,
489/21,Start Bay,B087I,South Hams DC,SX84724671,Off Strete,7/7/2021,ND,ND,ND,37080,ND,ND,ND,,
490/21,Solent,B24BK,Southampton PHA,SZ57479794,Browndown,7/7/2021,200,ND,ND,7800,ND,ND,ND,,
491/21,Southampton Water,B21AT,Southampton PHA,SU48760530,Hamble Estuary,7/7/2021,ND,ND,ND,6720,ND,ND,ND,,
492/21,Brixham,B082B,Torbay BC,SX90965741,Fishcombe SW Corner,7/7/2021,ND,40,ND,7720,ND,ND,ND,,
494/21,Lune,BO66Z,Wyre BC,SD34194862,Knott Spit,7/7/2021,ND,ND,ND,ND,ND,ND,ND,,
495/21,Anglesey - Red Wharf Bay,B057J,Ynys Mon CC,SH53148022,Nodwydd,7/7/2021,ND,ND,ND,5900,ND,ND,ND,,
496/21,Roach,B73AF,London PHA,TQ94909207,Paglesham,7/8/2021,ND,ND,ND,ND,ND,ND,ND,,
497/21,Blackwater,B14AD,Maldon DC,TM04060768,St Peters Flats,7/8/2021,ND,ND,ND,320,ND,ND,ND,,
498/21,Milford Haven,B39CZ,Pembrokeshire CC,SM89000275,Tethys Oyster,7/8/2021,ND,ND,ND,2840,ND,ND,ND,,
499/21,Burry Inlet,B038L,City and Council of Swansea,SS43409470,Whitford Point,7/12/2021,ND,ND,ND,ND,ND,ND,ND,,
500/21,Lantivet Bay,B70AH,Cornwall PHA,SX16305094,Sandheap Point,7/12/2021,ND,ND,ND,1440,ND,ND,40,,
501/21,St Austell Bay,B70AE,Cornwall PHA,SX05744972,Ropehaven Outer,7/12/2021,ND,200,ND,120,ND,ND,ND,,
502/21,Portland,B25AK,Dorset Council,SY68707757,Site A,7/12/2021,ND,40,40,2640,ND,40,40,,
503/21,The Thames,B16CN,London PHA,TR06779599,Crouch Approach,7/12/2021,ND,ND,ND,360,ND,ND,ND,,
504/21,The Thames,B16CM,London PHA,TR00508769,East of Havengore Creek,7/12/2021,ND,ND,ND,ND,ND,ND,ND,,
505/21,The Thames,B16BR,London PHA,TQ93798271,Phoenix,7/12/2021,ND,40,ND,ND,ND,ND,80,,
506/21,Porlock,B094D,Somerset West and Taunton Council,SS87114787,Porlock East,7/12/2021,ND,ND,ND,200,ND,ND,ND,,
507/21,Bigbury upon Avon,B030J,South Hams DC,SX67114467,South Hexdown North,7/12/2021,ND,80,ND,ND,ND,ND,ND,,
508/21,Taw/Torridge,B36AB,Torridge DC,SS46573142,Spratt Ridge East,7/12/2021,ND,40,ND,4520,ND,ND,ND,,
509/21,Morecambe Bay - Barrow,B077Q,Barrow-in-Furness BC,SD23116464,Roa Island,7/13/2021,ND,ND,ND,680,ND,ND,ND,,
510/21,The Wash,B003V,Boston BC,TF44234098,Toft,7/12/2021,ND,ND,ND,80,ND,ND,ND,,
511/21,Poole,B54CI,"Bournemouth, Poole and Christchurch Council",SZ01818871,West Brownsea 1,7/13/2021,ND,ND,ND,600,ND,ND,ND,,
512/21,Burry Inlet,B038I,City and Council of Swansea,SS50509590,South East 4,7/13/2021,ND,ND,ND,ND,ND,ND,ND,,
513/21,Camel,B35AE,Cornwall CC,SW93407530,Porthilly Rock B,7/13/2021,ND,ND,ND,3800,ND,ND,ND,,
514/21,Fal,B33AN,Cornwall PHA,SW81963551,Mylor Creek,7/13/2021,ND,ND,ND,ND,ND,ND,ND,,
515/21,Fal,B033Y,Cornwall PHA,SW85024095,Ruan Pontoon/Tregothnan,7/13/2021,40,ND,ND,ND,ND,ND,ND,,
516/21,Fal,B33BD,Cornwall PHA,SW84093949,Trelissick Pontoon,7/13/2021,120,80,ND,400,ND,ND,ND,,
517/21,The Fleet,B25AI,Dorset Council,SY66477627,Fleet Oysters,7/13/2021,ND,ND,ND,1200,ND,ND,ND,,
518/21,Butley,B009E,East Suffolk DC,TM39434850,Pumping Station Outfall,7/13/2021,ND,ND,ND,800,ND,ND,ND,,
519/21,Deben,B010O,East Suffolk DC,TM28834500,Stonner Point,7/13/2021,ND,ND,ND,ND,ND,ND,ND,,
520/21,The Wash,B04AP,Kings Lynn & W Norfolk BC,TF65963701,Stubborn Sand,7/12/2021,ND,ND,ND,ND,ND,ND,ND,,
521/21,Blackwater,B14AD,Maldon DC,TM04060768,St Peters Flats,7/13/2021,ND,ND,ND,ND,ND,ND,ND,,
522/21,Blakeney,B006R,North Norfolk DC,TF91804549,Wells - The Pool,7/13/2021,ND,ND,ND,80,ND,ND,ND,,
523/21,Yealm,B031J,Plymouth PHA,SX54224904,Thorn,7/13/2021,40,40,ND,1040,ND,ND,ND,,
524/21,Lyme Bay,B090M,Torbay BC,UNVERIFIED,Site 1,7/12/2021,ND,40,ND,5120,ND,ND,ND,,
525/21,Porthallow Cove,B34AA,Cornwall PHA,SW80212383,Porthallow North,7/14/2021,ND,280,ND,2160,ND,ND,ND,,
526/21,Dee,B45AB,Flintshire CC,SJ17568056,Salisbury,7/14/2021,ND,ND,ND,12000,ND,ND,ND,,
527/21,Menai Strait East,B055S,Gwynedd CC,SH58337328,West of Bangor Pier,7/13/2021,ND,ND,ND,4600,ND,ND,ND,,
528/21,Menai Strait West,B042O,Gwynedd CC,SH49916579,Area 11 East,7/14/2021,ND,ND,ND,640,ND,ND,ND,,
529/21,Brancaster,B05AS,Kings Lynn & W Norfolk BC,TF79884539,Norton Creek Mussels,7/14/2021,ND,ND,ND,ND,ND,ND,ND,,
530/21,Milford Haven,B39CZ,Pembrokeshire CC,SM89000275,Tethys Oyster,7/14/2021,ND,200,ND,ND,ND,ND,ND,,
531/21,Solent,B24BK,Southampton PHA,SZ57479794,Browndown,7/14/2021,ND,ND,ND,2400,ND,ND,ND,,
532/21,Swale,B076P,Swale BC,TR01316497,The Causeway,7/14/2021,ND,ND,ND,ND,ND,ND,ND,,
533/21,Exe,B26BH,Teignbridge DC,SX97948072,Cockwood Harbour,7/14/2021,ND,ND,ND,177000,ND,ND,ND,,
534/21,Teign,B27AC,Teignbridge DC,SX92827284,Gas Works East,7/14/2021,ND,ND,ND,410000,ND,ND,ND,,
535/21,Lune,BO66Z,Wyre BC,SD34194862,Knott Spit,7/14/2021,ND,ND,ND,1600,ND,ND,ND,,
537/21,Blackwater,B014V,Maldon DC,TL91160795,Goldhanger,7/15/2021,ND,ND,ND,ND,ND,ND,ND,,
538/21,Crouch,B015Y,Maldon DC,TQ90429738,Althorne,7/15/2021,ND,ND,ND,200,ND,ND,ND,,
539/21,St Austell Bay,B70AE,Cornwall PHA,SX05744972,Ropehaven Outer,7/19/2021,ND,ND,ND,6240,ND,ND,ND,,
540/21,Swansea,B037U,Swansea PHA,SS67659210,Queens Dock,7/19/2021,ND,ND,ND,ND,ND,ND,ND,,
541/21,Taw/Torridge,B36AB,Torridge DC,SS46573142,Spratt Ridge East,7/19/2021,ND,ND,ND,10800,ND,ND,ND,,
542/21,Fal,B033Y,Cornwall PHA,SW85024095,Ruan Pontoon/Tregothnan,7/20/2021,500,ND,ND,200,ND,ND,100,,
543/21,Fal,B33BD,Cornwall PHA,SW84093949,Trelissick Pontoon,7/20/2021,200,ND,ND,200,ND,ND,ND,,
544/21,Porthallow Cove,B34AA,Cornwall PHA,SW80212383,Porthallow North,7/20/2021,ND,40,ND,4520,ND,ND,ND,,
545/21,Brixham,B082B,Torbay BC,SX90965741,Fishcombe SW Corner,7/20/2021,ND,ND,ND,42200,ND,ND,ND,,
546/21,Lyme Bay,B090M,Torbay BC,UNVERIFIED,Site 1,7/19/2021,ND,ND,ND,1000,ND,ND,ND,,
547/21,Morecambe Bay - Barrow,B077Q,Barrow-in-Furness BC,SD23116464,Roa Island,7/21/2021,ND,ND,ND,1800,ND,ND,ND,,
548/21,North Kent Coast,B17BS,Canterbury CC,TR10326689,WOCO Westbeach,7/19/2021,ND,ND,40,ND,ND,ND,ND,,
549/21,Helford,B034W,Cornwall PHA,SW75462765,Porth Navas Quay,7/21/2021,ND,680,ND,2160,ND,ND,ND,,
550/21,Dart,B028B,South Hams DC,SX87415599,Waddeton,7/21/2021,ND,ND,ND,ND,ND,ND,ND,,
551/21,Solent,B24BK,Southampton PHA,SZ57479794,Browndown,7/21/2021,ND,ND,ND,2000,ND,ND,ND,,
552/21,Southampton Water,B21AT,Southampton PHA,SU48760530,Hamble Estuary,7/21/2021,ND,ND,ND,700,ND,ND,ND,,
553/21,Anglesey - Red Wharf Bay,B057J,Ynys Mon CC,SH53148022,Nodwydd,7/21/2021,ND,ND,ND,13440,ND,ND,ND,,
554/21,Roach,B73AF,London PHA,TQ94909207,Paglesham,7/22/2021,ND,ND,ND,ND,ND,ND,ND,,
555/21,The Thames,B16CN,London PHA,TR06779599,Crouch Approach,7/22/2021,ND,ND,ND,ND,ND,ND,ND,,
556/21,The Thames,B16CM,London PHA,TR00508769,East of Havengore Creek,7/22/2021,ND,ND,ND,ND,ND,ND,ND,,
557/21,The Thames,B16BR,London PHA,TQ93798271,Phoenix,7/22/2021,ND,40,ND,ND,ND,ND,ND,,
558/21,Holy Island-Ross Links,B001M,Northumberland CC,NU12333958,Ross Links,7/21/2021,ND,40,ND,ND,ND,ND,40,,
559/21,Milford Haven,B39CZ,Pembrokeshire CC,SM89000275,Tethys Oyster,7/21/2021,ND,ND,ND,1960,ND,ND,ND,,
560/21,Helford,B034W,Cornwall PHA,SW75462765,Porth Navas Quay,7/26/2021,ND,ND,ND,ND,ND,ND,ND,,
561/21,Portland,B25AK,Dorset Council,SY68707757,Site A,7/26/2021,ND,ND,ND,7000,ND,ND,ND,,
562/21,Porlock,B094D,Somerset West and Taunton Council,SS87114787,Porlock East,7/26/2021,ND,ND,ND,700,ND,ND,ND,,
563/21,Taw/Torridge,B36AB,Torridge DC,SS46573142,Spratt Ridge East,7/26/2021,ND,ND,ND,9800,ND,ND,ND,,
564/21,North Kent Coast,B17BS,Canterbury CC,TR10326689,WOCO Westbeach,7/26/2021,ND,ND,ND,ND,ND,ND,ND,,
565/21,Burry Inlet,B038Y,Carmarthenshire CC,SS50209860,Machynys,7/27/2021,ND,ND,120,ND,ND,ND,ND,,
566/21,Butley,B009E,East Suffolk DC,TM39434850,Pumping Station Outfall,7/27/2021,ND,ND,ND,ND,ND,ND,ND,,
567/21,Deben,B010O,East Suffolk DC,TM28834500,Stonner Point,7/27/2021,ND,ND,ND,ND,ND,ND,ND,,
568/21,Menai Strait East,B055S,Gwynedd CC,SH58337328,West of Bangor Pier,7/26/2021,ND,ND,ND,ND,ND,ND,ND,,
569/21,Menai Strait West,B042O,Gwynedd CC,SH49916579,Area 11 East,7/26/2021,ND,ND,ND,1000,ND,ND,ND,,
570/21,,,Maldon DC,,Woodup pool,7/27/2021,"NOT TESTED, SUBMITTED IN ERROR",,,,"NOT TESTED, SUBMITTED IN ERROR","NOT TESTED, SUBMITTED IN ERROR","NOT TESTED, SUBMITTED IN ERROR",,
571/21,Blackwater,B014V,Maldon DC,TL91160795,Goldhanger,7/27/2021,ND,ND,ND,ND,ND,ND,ND,,
572/21,Crouch,B015Y,Maldon DC,TQ90429738,Althorne,7/27/2021,ND,ND,ND,ND,ND,ND,ND,,
573/21,Bigbury upon Avon,B030J,South Hams DC,SX67114467,South Hexdown North,7/27/2021,ND,80,ND,3120,ND,ND,ND,,
574/21,Exe,B26BH,Teignbridge DC,SX97948072,Cockwood Harbour,7/27/2021,ND,ND,ND,720,ND,ND,ND,,
575/21,Teign,B27AC,Teignbridge DC,SX92827284,Gas Works East,7/27/2021,ND,40,ND,1000,ND,40,ND,,
576/21,Brixham,B082B,Torbay BC,SX90965741,Fishcombe SW Corner,7/27/2021,ND,40,ND,80,ND,120,ND,,
577/21,Lyme Bay,B090M,Torbay BC,UNVERIFIED,Site 1,7/26/2021,ND,40,ND,80,ND,ND,ND,,
578/21,Fal,B33AN,Cornwall PHA,SW81963551,Mylor Creek,7/28/2021,160,40,ND,1000,ND,ND,ND,,
579/21,Fal,B033Y,Cornwall PHA,SW85024095,Ruan Pontoon/Tregothnan,7/28/2021,240,ND,ND,360,ND,ND,ND,,
580/21,Fal,B33BD,Cornwall PHA,SW84093949,Trelissick Pontoon,7/28/2021,240,ND,ND,360,ND,ND,40,,
581/21,Porthallow Cove,B34AA,Cornwall PHA,SW80212383,Porthallow North,7/28/2021,ND,ND,ND,3280,ND,ND,40,,
582/21,Dee,B45AB,Flintshire CC,SJ17568056,Salisbury,7/28/2021,ND,ND,ND,2700,ND,ND,ND,,
583/21,Milford Haven,B39CZ,Pembrokeshire CC,SM89000275,Tethys Oyster,7/28/2021,ND,40,ND,1360,ND,ND,ND,,
584/21,Blakeney,B006R,North Norfolk DC,TF91804549,Wells - The Pool,7/29/2021,ND,ND,ND,80,ND,ND,ND,,
585/21,North Kent Coast,B17BS,Canterbury CC,TR10326689,WOCO Westbeach,8/2/2021,ND,ND,ND,ND,ND,ND,ND,,
586/21,Lantivet Bay,B70AH,Cornwall PHA,SX16305094,Sandheap Point,8/2/2021,ND,40,ND,3000,ND,ND,ND,,
587/21,Mevagissey Bay,B70AK,Cornwall PHA,SX05214698,South Mevagissey Bottom,8/2/2021,ND,ND,ND,11160,ND,ND,ND,,
588/21,St Austell Bay,B70AE,Cornwall PHA,SX05744972,Ropehaven Outer,8/2/2021,ND,80,ND,9400,ND,ND,ND,,
589/21,Brancaster,B05AS,Kings Lynn & W Norfolk BC,TF79884539,Norton Creek Mussels,8/2/2021,ND,ND,ND,ND,ND,ND,ND,,
590/21,Swansea,B037U,Swansea PHA,SS67659210,Queens Dock,8/2/2021,ND,80,ND,160,ND,ND,4160,,
591/21,West Mersea,B013Z,Colchester BC,TM00001301,The Hard,8/3/2021,ND,ND,ND,ND,ND,ND,ND,,
593/21,Conwy,B044V,Conwy CBC,SH76317972,Conwy West,8/3/2021,ND,ND,ND,ND,ND,ND,ND,,
594/21,Helford,B034W,Cornwall PHA,SW75462765,Porth Navas Quay,8/3/2021,500,ND,ND,200,ND,ND,ND,,
595/21,The Fleet,B25AI,Dorset Council,SY66477627,Fleet Oysters,8/3/2021,ND,ND,ND,ND,ND,ND,ND,,
596/21,Blackwater,B14AD,Maldon DC,TM04060768,St Peters Flats,8/3/2021,ND,ND,ND,ND,ND,ND,ND,,
597/21,Fal,B33AN,Cornwall PHA,SW81963551,Mylor Creek,8/4/2021,100,ND,ND,2500,ND,ND,100,,
598/21,Fal,B033Y,Cornwall PHA,SW85024095,Ruan Pontoon/Tregothnan,8/4/2021,40,ND,ND,ND,ND,ND,760,,
599/21,Fal,B33BD,Cornwall PHA,SW84093949,Trelissick Pontoon,8/4/2021,ND,ND,ND,240,ND,ND,240,,
600/21,Crouch,B015Y,Maldon DC,TQ90429738,Althorne,8/4/2021,ND,ND,ND,ND,ND,ND,40,,
601/21,Burry Inlet,B038Y,Carmarthenshire CC,SS50209860,Machynys,8/5/2021,ND,ND,40,ND,ND,ND,ND,,
602/21,Anglesey - Red Wharf Bay,B057J,Ynys Mon CC,SH53148022,Nodwydd,8/5/2021,ND,ND,ND,6000,ND,ND,ND,,
603/21,Roach,B73AF,London PHA,TQ94909207,Paglesham,8/5/2021,ND,ND,ND,ND,ND,ND,ND,,
604/21,Morecambe Bay - Barrow,B077Q,Barrow-in-Furness BC,SD23116464,Roa Island,8/9/2021,ND,ND,ND,ND,ND,ND,ND,,
605/21,Blackwater,B014V,Maldon DC,TL91160795,Goldhanger,8/9/2021,ND,ND,ND,ND,ND,ND,ND,,
606/21,Holy Island-Ross Links,B001M,Northumberland CC,NU12333958,Ross Links,8/8/2021,ND,40,40,ND,ND,ND,ND,,
607/21,Bigbury upon Avon,B030J,South Hams DC,SX67114467,South Hexdown North,8/9/2021,ND,ND,ND,12640,ND,ND,ND,,
608/21,Dart,B028P,South Hams DC,SX87945350,Long Wood South,8/9/2021,ND,ND,ND,500,ND,ND,ND,,
609/21,Taw/Torridge,B36AB,Torridge DC,SS46573142,Spratt Ridge East,8/9/2021,ND,ND,ND,2400,ND,ND,400,,
610/21,The Wash,B003V,Boston BC,TF44234098,Toft,8/9/2021,ND,ND,ND,300,ND,ND,ND,,
611/21,Poole,B54CI,"Bournemouth, Poole and Christchurch Council",SZ01818871,West Brownsea 1,8/10/2021,ND,ND,ND,160,ND,ND,ND,,
612/21,Burry Inlet,B038I,City and Council of Swansea,SS50509590,South East 4,8/10/2021,ND,ND,ND,ND,ND,ND,ND,,
613/21,Burry Inlet,B038L,City and Council of Swansea,SS43409470,Whitford Point,8/9/2021,ND,ND,100,ND,ND,ND,ND,,
614/21,Helford,B034W,Cornwall PHA,SW75462765,Porth Navas Quay,8/10/2021,ND,ND,ND,ND,ND,ND,ND,,
615/21,The Fleet,B25AI,Dorset Council,SY66477627,Fleet Oysters,8/10/2021,ND,ND,ND,520,ND,ND,ND,,
616/21,Butley,B009E,East Suffolk DC,TM39434850,Pumping Station Outfall,8/10/2021,ND,ND,ND,ND,ND,ND,ND,,
617/21,The Wash,B04AP,Kings Lynn & W Norfolk BC,TF65963701,Stubborn Sand,8/9/2021,ND,ND,ND,ND,ND,ND,ND,,
618/21,The Thames,B16CN,London PHA,TR06779599,Crouch Approach,8/10/2021,ND,ND,ND,ND,ND,ND,ND,,
619/21,The Thames,B16CM,London PHA,TR00508769,East of Havengore Creek,8/10/2021,ND,ND,ND,ND,ND,ND,ND,,
620/21,The Thames,B16BR,London PHA,TQ93798271,Phoenix,8/10/2021,ND,ND,ND,ND,ND,ND,ND,,
621/21,Blakeney,B006R,North Norfolk DC,TF91804549,Wells - The Pool,8/10/2021,ND,ND,ND,ND,ND,ND,ND,,
622/21,Milford Haven,B39CZ,Pembrokeshire CC,SM89000275,Tethys Oyster,8/9/2021,ND,ND,ND,560,ND,ND,ND,,
623/21,Porlock,B094D,Somerset West and Taunton Council,SS87114787,Porlock East,8/10/2021,ND,ND,ND,80,ND,ND,ND,,
624/21,Fal,B33AN,Cornwall PHA,SW81963551,Mylor Creek,8/11/2021,ND,40,ND,480,ND,ND,40,,
625/21,Fal,B033Y,Cornwall PHA,SW85024095,Ruan Pontoon/Tregothnan,8/11/2021,ND,ND,ND,160,ND,ND,120,,
626/21,Fal,B33BD,Cornwall PHA,SW84093949,Trelissick Pontoon,8/11/2021,ND,ND,ND,200,ND,ND,ND,,
627/21,Porthallow Cove,B34AA,Cornwall PHA,SW80212383,Porthallow North,8/11/2021,ND,ND,ND,12280,ND,ND,40,,
628/21,Menai Strait East,B055S,Gwynedd CC,SH58337328,West of Bangor Pier,8/10/2021,ND,ND,ND,6280,ND,ND,ND,,
629/21,Menai Strait West,B042O,Gwynedd CC,SH49916579,Area 11 East,8/11/2021,ND,ND,ND,2600,ND,ND,ND,,
630/21,Solent,B24BK,Southampton PHA,SZ57479794,Browndown,8/11/2021,ND,ND,ND,ND,ND,ND,ND,,
631/21,Southampton Water,B21AT,Southampton PHA,SU48760530,Hamble Estuary,8/11/2021,ND,ND,ND,ND,ND,ND,ND,,
632/21,Swale,B076P,Swale BC,TR01316497,The Causeway,8/11/2021,ND,ND,ND,ND,ND,ND,ND,,
633/21,Exe,B26BH,Teignbridge DC,SX97948072,Cockwood Harbour,8/11/2021,ND,ND,ND,3300,ND,ND,ND,,
634/21,Teign,B27AC,Teignbridge DC,SX92827284,Gas Works East,8/11/2021,ND,ND,ND,5040,ND,ND,ND,,
635/21,Brixham,B082B,Torbay BC,SX90965741,Fishcombe SW Corner,8/11/2021,ND,ND,ND,920,ND,ND,ND,,
636/21,Lyme Bay,B090M,Torbay BC,UNVERIFIED,Site 1,8/10/2021,ND,ND,ND,16480,ND,ND,ND,,
637/21,Deben,B010O,East Suffolk DC,TM28834500,Stonner Point,8/10/2021,ND,ND,ND,ND,ND,ND,ND,,
638/21,Dee,B45AB,Flintshire CC,SJ17568056,Salisbury,8/12/2021,ND,ND,ND,15200,ND,ND,ND,,
639/21,Lantivet Bay,B70AH,Cornwall PHA,SX16305094,Sandheap Point,8/16/2021,ND,ND,ND,13720,ND,ND,ND,,
640/21,Mevagissey Bay,B70AK,Cornwall PHA,SX05214698,South Mevagissey Bottom,8/16/2021,ND,40,ND,188000,ND,ND,ND,,
641/21,St Austell Bay,B70AE,Cornwall PHA,SX05744972,Ropehaven Outer,8/16/2021,ND,ND,ND,43520,ND,ND,40,,
642/21,Portland,B25AK,Dorset Council,SY68707757,Site A,8/16/2021,ND,ND,ND,880,ND,ND,ND,,
643/21,Brancaster,B05AS,Kings Lynn & W Norfolk BC,TF79884539,Norton Creek Mussels,8/16/2021,ND,ND,ND,680,ND,ND,ND,,
644/21,Swansea,B037U,Swansea PHA,SS67659210,Queens Dock,8/16/2021,ND,ND,ND,39680,ND,ND,ND,,
645/21,North Kent Coast,B17BS,Canterbury CC,TR10326689,WOCO Westbeach,8/17/2021,ND,ND,ND,ND,ND,ND,ND,,
646/21,Burry Inlet,B038L,City and Council of Swansea,SS43409470,Whitford Point,8/18/2021,ND,ND,ND,ND,ND,ND,ND,,
647/21,West Mersea,B013Z,Colchester BC,TM00001301,The Hard,8/18/2021,ND,ND,ND,ND,ND,ND,ND,,
649/21,Helford,B034W,Cornwall PHA,SW75462765,Porth Navas Quay,8/18/2021,ND,ND,ND,520,ND,ND,ND,,
650/21,Blackwater,B14AD,Maldon DC,TM04060768,St Peters Flats,8/18/2021,ND,ND,ND,ND,ND,ND,ND,,
651/21,Start Bay,B087I,South Hams DC,SX84724671,Off Strete,8/18/2021,ND,ND,ND,17960,ND,ND,ND,,
652/21,Lune,BO66Z,Wyre BC,SD34194862,Knott Spit,8/18/2021,"Unable to analyse, too much sediment","Unable to analyse, too much sediment","Unable to analyse, too much sediment","Unable to analyse, too much sediment","Unable to analyse, too much sediment","Unable to analyse, too much sediment","Unable to analyse, too much sediment",,
654/21,Roach,B73AF,London PHA,TQ94909207,Paglesham,8/19/2021,ND,ND,ND,ND,ND,ND,ND,,
655/21,Taw/Torridge,B36AB,Torridge DC,SS46573142,Spratt Ridge East,8/19/2021,ND,ND,ND,3840,ND,ND,ND,,
656/21,Anglesey - Red Wharf Bay,B057J,Ynys Mon CC,SH53148022,Nodwydd,8/19/2021,ND,ND,ND,30760,ND,ND,ND,,
657/21,Morecambe Bay - Barrow,B077Q,Barrow-in-Furness BC,SD23116464,Roa Island,8/23/2021,ND,ND,ND,1400,ND,ND,ND,,
658/21,The Fleet,B25AI,Dorset Council,SY66477627,Fleet Oysters,8/23/2021,ND,ND,ND,ND,ND,ND,ND,,
659/21,The Thames,B16CN,London PHA,TR06779599,Crouch Approach,8/23/2021,ND,ND,ND,ND,ND,ND,ND,,
660/21,The Thames,B16CM,London PHA,TR00508769,East of Havengore Creek,8/23/2021,ND,40,ND,160,ND,ND,ND,,
661/21,The Thames,B16BR,London PHA,TQ93798271,Phoenix,8/23/2021,ND,ND,ND,ND,ND,ND,ND,,
662/21,Burry Inlet,B038Y,Carmarthenshire CC,SS50209860,Machynys,8/24/2021,ND,ND,400,ND,ND,ND,ND,,
663/21,Conwy,B044V,Conwy CBC,SH76317972,Conwy West,8/24/2021,ND,ND,ND,6600,ND,ND,ND,,
664/21,Camel,B35AE,Cornwall CC,SW93407530,Porthilly Rock B,8/23/2021,ND,ND,ND,560,ND,ND,ND,,
665/21,Fal,B33AN,Cornwall PHA,SW81963551,Mylor Creek,8/24/2021,ND,40,ND,80,ND,ND,ND,,
666/21,Fal,B033Y,Cornwall PHA,SW85024095,Ruan Pontoon/Tregothnan,8/24/2021,ND,ND,ND,ND,ND,ND,ND,,
667/21,Fal,B33BD,Cornwall PHA,SW84093949,Trelissick Pontoon,8/24/2021,ND,ND,ND,ND,ND,ND,ND,,
668/21,Mevagissey Bay,B70AK,Cornwall PHA,SX05214698,South Mevagissey Bottom,8/23/2021,ND,40,ND,5400,ND,ND,ND,,
669/21,Porthallow Cove,B34AA,Cornwall PHA,SW80212383,Porthallow North,8/24/2021,ND,ND,ND,480,ND,ND,ND,,
670/21,Blakeney,B006R,North Norfolk DC,TF91804549,Wells - The Pool,8/24/2021,ND,ND,ND,1480,ND,ND,ND,,
671/21,Holy Island-Ross Links,B001M,Northumberland CC,NU12333958,Ross Links,8/24/2021,ND,ND,ND,ND,ND,ND,ND,,
672/21,Milford Haven,B39CZ,Pembrokeshire CC,SM89000275,Tethys Oyster,8/24/2021,ND,ND,ND,200,ND,ND,ND,,
673/21,Porlock,B094D,Somerset West and Taunton Council,SS87114787,Porlock East,8/24/2021,ND,ND,ND,ND,ND,ND,ND,,
674/21,Bigbury upon Avon,B030J,South Hams DC,SX67114467,South Hexdown North,8/24/2021,ND,ND,ND,200,ND,ND,ND,,
675/21,Brixham,B082B,Torbay BC,SX90965741,Fishcombe SW Corner,8/23/2021,ND,ND,ND,3800,ND,ND,ND,,
676/21,Lyme Bay,B090M,Torbay BC,UNVERIFIED,Site 1,8/23/2021,ND,ND,ND,1440,ND,ND,ND,,
677/21,Dee,B45AB,Flintshire CC,SJ17568056,Salisbury,8/25/2021,ND,ND,ND,2000,ND,ND,ND,,
678/21,Blackwater,B014V,Maldon DC,TL91160795,Goldhanger,8/24/2021,ND,ND,ND,ND,ND,ND,ND,,
679/21,Crouch,B015Y,Maldon DC,TQ90429738,Althorne,8/24/2021,ND,ND,ND,ND,ND,ND,ND,,
680/21,Dart,B028B,South Hams DC,SX87415599,Waddeton,8/25/2021,ND,ND,ND,ND,ND,ND,ND,,
681/21,Solent,B24BK,Southampton PHA,SZ57479794,Browndown,8/25/2021,ND,ND,ND,ND,ND,ND,ND,,
682/21,Southampton Water,B21AT,Southampton PHA,SU48760530,Hamble Estuary,8/25/2021,ND,ND,ND,ND,ND,ND,ND,,
683/21,Lune,BO66Z,Wyre BC,SD34194862,Knott Spit,8/25/2021,ND,200,ND,6200,ND,ND,ND,,
685/21,Exe,B26BH,Teignbridge DC,SX97948072,Cockwood Harbour,8/25/2021,ND,ND,ND,ND,ND,ND,ND,,
686/21,Teign,B27AC,Teignbridge DC,SX92827284,Gas Works East,8/25/2021,ND,ND,ND,ND,ND,ND,ND,,
687/21,Portland,B25AK,Dorset Council,SY68707757,Site A,8/31/2021,40,ND,ND,560,ND,ND,ND,,
688/21,Lantivet Bay,B70AH,Cornwall PHA,SX16305094,Sandheap Point,8/30/2021,ND,280,ND,ND,ND,ND,ND,,
689/21,St Austell Bay,B70AE,Cornwall PHA,SX05744972,Ropehaven Outer,8/30/2021,ND,1880,ND,ND,ND,ND,ND,,
690/21,Swansea,B037U,Swansea PHA,SS67659210,Queens Dock,8/31/2021,ND,ND,ND,520,ND,ND,ND,,
691/21,Butley,B009E,East Suffolk DC,TM39434850,Pumping Station Outfall,9/1/2021,ND,100,ND,ND,ND,ND,ND,,
692/21,Deben,B010O,East Suffolk DC,TM28834500,Stonner Point,9/1/2021,ND,ND,ND,ND,ND,ND,ND,,
693/21,Blackwater,B14AD,Maldon DC,TM04060768,St Peters Flats,9/1/2021,ND,ND,ND,ND,ND,ND,ND,,
694/21,Brancaster,B05AS,Kings Lynn & W Norfolk BC,TF79884539,Norton Creek Mussels,9/2/2021,ND,ND,ND,400,ND,ND,ND,,
695/21,West Mersea,B013Z,Colchester BC,TM00001301,The Hard,9/2/2021,ND,ND,ND,ND,ND,ND,ND,,
697/21,The Wash,B003V,Boston BC,TF44234098,Toft,9/6/2021,ND,ND,ND,ND,ND,ND,ND,,
698/21,North Kent Coast,B17BS,Canterbury CC,TR10326689,WOCO Westbeach,9/6/2021,ND,ND,ND,ND,ND,ND,ND,,
699/21,Lantivet Bay,B70AH,Cornwall PHA,SX16305094,Sandheap Point,9/6/2021,ND,320,ND,ND,ND,ND,ND,,
700/21,Mevagissey Bay,B70AK,Cornwall PHA,SX05214698,South Mevagissey Bottom,9/6/2021,ND,2960,ND,ND,ND,ND,40,,
701/21,St Austell Bay,B70AE,Cornwall PHA,SX05744972,Ropehaven Outer,9/6/2021,ND,1400,ND,ND,ND,ND,ND,,
702/21,The Wash,B04AP,Kings Lynn & W Norfolk BC,TF65963701,Stubborn Sand,9/6/2021,ND,ND,ND,1800,ND,ND,ND,,
703/21,Roach,B73AF,London PHA,TQ94909207,Paglesham,9/6/2021,ND,ND,ND,160,ND,ND,ND,,
704/21,Holy Island-Ross Links,B001M,Northumberland CC,NU12333958,Ross Links,9/5/2021,ND,ND,ND,160,ND,ND,ND,,
705/21,Dart,B028P,South Hams DC,SX87945350,Long Wood South,9/6/2021,ND,ND,ND,ND,ND,ND,ND,,
706/21,Start Bay,B087I,South Hams DC,SX84724671,Off Strete,9/6/2021,ND,ND,ND,ND,ND,ND,ND,,
707/21,Anglesey - Red Wharf Bay,B057J,Ynys Mon CC,SH53148022,Nodwydd,9/6/2021,ND,ND,ND,560,ND,ND,ND,,
708/21,Morecambe Bay - Barrow,B077Q,Barrow-in-Furness BC,SD23116464,Roa Island,9/7/2021,ND,ND,ND,480,ND,ND,ND,,
709/21,Conwy,B044V,Conwy CBC,SH76317972,Conwy West,9/7/2021,ND,ND,ND,ND,ND,ND,ND,,
710/21,Helford,B034W,Cornwall PHA,SW75462765,Porth Navas Quay,9/7/2021,ND,ND,ND,ND,ND,ND,ND,,
711/21,Portland,B25AK,Dorset Council,SY68707757,Site A,9/7/2021,ND,40,ND,160,ND,ND,ND,,
712/21,The Fleet,B25AI,Dorset Council,SY66477627,Fleet Oysters,9/7/2021,ND,ND,ND,320,ND,ND,ND,,
713/21,The Thames,B16CN,London PHA,TR06779599,Crouch Approach,9/7/2021,ND,ND,ND,ND,ND,ND,ND,,
714/21,The Thames,B16CM,London PHA,TR00508769,East of Havengore Creek,9/7/2021,ND,ND,ND,ND,ND,ND,ND,,
715/21,The Thames,B16BR,London PHA,TQ93798271,Phoenix,9/7/2021,ND,ND,ND,ND,ND,ND,ND,,
716/21,Crouch,B015Y,Maldon DC,TQ90429738,Althorne,9/7/2021,ND,ND,ND,ND,ND,ND,ND,,
717/21,Brixham,B082B,Torbay BC,SX90965741,Fishcombe SW Corner,9/7/2021,ND,40,ND,ND,ND,ND,ND,,
718/21,Lyme Bay,B090M,Torbay BC,UNVERIFIED,Site 1,9/6/2021,ND,400,ND,ND,ND,ND,ND,,
719/21,Taw/Torridge,B36AB,Torridge DC,SS46573142,Spratt Ridge East,9/6/2021,ND,ND,ND,11600,ND,ND,ND,,
720/21,Burry Inlet,B038Y,Carmarthenshire CC,SS50209860,Machynys,9/7/2021,ND,ND,ND,ND,ND,ND,ND,,
721/21,Fal,B33AN,Cornwall PHA,SW81963551,Mylor Creek,9/8/2021,ND,ND,ND,ND,ND,ND,ND,,
722/21,Fal,B033Y,Cornwall PHA,SW85024095,Ruan Pontoon/Tregothnan,9/8/2021,ND,ND,ND,ND,ND,ND,ND,,
723/21,Fal,B33BD,Cornwall PHA,SW84093949,Trelissick Pontoon,9/8/2021,ND,ND,ND,ND,ND,ND,ND,,
724/21,Porthallow Cove,B34AA,Cornwall PHA,SW80212383,Porthallow North,9/8/2021,ND,400,ND,80,ND,ND,40,,
725/21,Menai Strait East,B055S,Gwynedd CC,SH58337328,West of Bangor Pier,9/7/2021,ND,ND,ND,720,ND,ND,ND,,
726/21,Menai Strait West,B042O,Gwynedd CC,SH49916579,Area 11 East,9/8/2021,ND,ND,ND,160,ND,ND,ND,,
727/21,Milford Haven,B39CZ,Pembrokeshire CC,SM89000275,Tethys Oyster,9/7/2021,ND,ND,ND,ND,ND,ND,ND,,
728/21,Porlock,B094D,Somerset West and Taunton Council,SS87114787,Porlock East,9/8/2021,ND,ND,ND,400,ND,ND,ND,,
729/21,Solent,B24BK,Southampton PHA,SZ57479794,Browndown,9/8/2021,ND,ND,ND,ND,ND,ND,ND,,
730/21,Southampton Water,B21AT,Southampton PHA,SU48760530,Hamble Estuary,9/8/2021,ND,ND,ND,ND,ND,ND,ND,,
732/21,Lune,BO66Z,Wyre BC,SD34194862,Knott Spit,9/8/2021,ND,ND,ND,ND,ND,ND,ND,,
733/21,Dee,B45AB,Flintshire CC,SJ17568056,Salisbury,9/9/2021,ND,ND,ND,400,ND,ND,ND,,
734/21,Blakeney,B006R,North Norfolk DC,TF91804549,Wells - The Pool,9/9/2021,ND,ND,ND,25800,ND,ND,ND,,
735/21,Swale,B076P,Swale BC,TR01316497,The Causeway,9/9/2021,ND,ND,ND,ND,ND,ND,ND,,
736/21,Lantivet Bay,B70AH,Cornwall PHA,SX16305094,Sandheap Point,9/13/2021,ND,480,ND,ND,ND,ND,ND,,
737/21,Mevagissey Bay,B70AK,Cornwall PHA,SX05214698,South Mevagissey Bottom,9/13/2021,ND,1320,ND,160,ND,ND,ND,,
738/21,Swansea,B037U,Swansea PHA,SS67659210,Queens Dock,9/13/2021,ND,ND,ND,5720,ND,ND,ND,,
739/21,Butley,B009E,East Suffolk DC,TM39434850,Pumping Station Outfall,9/14/2021,ND,ND,ND,ND,ND,ND,ND,,
740/21,Deben,B010O,East Suffolk DC,TM28834500,Stonner Point,9/14/2021,ND,ND,ND,ND,ND,ND,ND,,
741/21,Blackwater,B14AD,Maldon DC,TM04060768,St Peters Flats,9/14/2021,ND,ND,ND,1400,ND,ND,ND,,
742/21,Lyme Bay,B090M,Torbay BC,UNVERIFIED,Site 1,9/13/2021,ND,80,ND,160,ND,ND,ND,,
743/21,West Mersea,B013Z,Colchester BC,TM00001301,The Hard,9/15/2021,ND,ND,ND,ND,ND,ND,ND,,
745/21,Porthallow Cove,B34AA,Cornwall PHA,SW80212383,Porthallow North,9/15/2021,ND,160,ND,400,ND,ND,80,,
746/21,Blackwater,B014V,Maldon DC,TL91160795,Goldhanger,9/15/2021,ND,ND,ND,ND,ND,ND,ND,,
747/21,Exe,B26BH,Teignbridge DC,SX97948072,Cockwood Harbour,9/15/2021,ND,ND,ND,600,ND,ND,ND,,
748/21,Teign,B27AC,Teignbridge DC,SX92827284,Gas Works East,9/15/2021,ND,ND,ND,280,ND,ND,ND,,
749/21,Poole,B54CI,"Bournemouth, Poole and Christchurch Council",SZ01818871,West Brownsea 1,9/16/2021,ND,ND,ND,400,ND,ND,ND,,
750/21,Brancaster,B05AS,Kings Lynn & W Norfolk BC,TF79884539,Norton Creek Mussels,9/16/2021,ND,ND,ND,1800,ND,ND,ND,,
751/21,Lantivet Bay,B70AH,Cornwall PHA,SX16305094,Sandheap Point,9/20/2021,ND,240,ND,ND,ND,ND,ND,,
752/21,Mevagissey Bay,B70AK,Cornwall PHA,SX05214698,South Mevagissey Bottom,9/20/2021,ND,1000,ND,ND,ND,ND,ND,,
753/21,Roach,B73AF,London PHA,TQ94909207,Paglesham,9/20/2021,ND,ND,ND,400,ND,ND,100,,
754/21,Anglesey - Red Wharf Bay,B057J,Ynys Mon CC,SH53148022,Nodwydd,9/20/2021,ND,ND,ND,1800,ND,ND,ND,,
755/21,Morecambe Bay - Barrow,B077Q,Barrow-in-Furness BC,SD23116464,Roa Island,9/21/2021,ND,ND,ND,960,ND,ND,ND,,
756/21,Burry Inlet,B038Y,Carmarthenshire CC,SS50209860,Machynys,9/21/2021,ND,ND,18520,ND,ND,ND,ND,,
757/21,Burry Inlet,B038I,City and Council of Swansea,SS50509590,South East 4,9/21/2021,ND,ND,ND,ND,ND,ND,ND,,
758/21,Burry Inlet,B038L,City and Council of Swansea,SS43409470,Whitford Point,9/20/2021,ND,ND,ND,ND,ND,ND,ND,,
759/21,Conwy,B044V,Conwy CBC,SH76317972,Conwy West,9/21/2021,ND,ND,ND,800,ND,ND,ND,,
760/21,The Fleet,B25AI,Dorset Council,SY66477627,Fleet Oysters,9/21/2021,ND,ND,ND,ND,ND,ND,ND,,
761/21,Brixham,B082B,Torbay BC,SX90965741,Fishcombe SW Corner,9/21/2021,ND,120,ND,440,ND,ND,ND,,
762/21,North Kent Coast,B17BS,Canterbury CC,TR10326689,WOCO Westbeach,9/21/2021,ND,ND,ND,ND,ND,ND,200,,
763/21,Fal,B33AN,Cornwall PHA,SW81963551,Mylor Creek,9/22/2021,ND,ND,ND,200,ND,ND,ND,,
764/21,Fal,B033Y,Cornwall PHA,SW85024095,Ruan Pontoon/Tregothnan,9/22/2021,ND,ND,ND,ND,ND,ND,ND,,
765/21,Fal,B33BD,Cornwall PHA,SW84093949,Trelissick Pontoon,9/22/2021,ND,ND,ND,ND,ND,ND,ND,,
766/21,Helford,B034W,Cornwall PHA,SW75462765,Porth Navas Quay,9/22/2021,ND,ND,ND,400,ND,ND,ND,,
767/21,Porthallow Cove,B34AA,Cornwall PHA,SW80212383,Porthallow North,9/22/2021,ND,760,ND,80,ND,ND,ND,,
768/21,Dee,B45AB,Flintshire CC,SJ17568056,Salisbury,9/22/2021,"Unable to analyse, too much sediment","Unable to analyse, too much sediment","Unable to analyse, too much sediment","Unable to analyse, too much sediment","Unable to analyse, too much sediment","Unable to analyse, too much sediment","Unable to analyse, too much sediment",,
769/21,Menai Strait East,B055S,Gwynedd CC,SH58337328,West of Bangor Pier,9/21/2021,ND,200,ND,2800,ND,ND,ND,,
770/21,Menai Strait West,B042O,Gwynedd CC,SH49916579,Area 11 East,9/21/2021,ND,ND,ND,1200,ND,ND,200,,
771/21,The Thames,B16CN,London PHA,TR06779599,Crouch Approach,9/22/2021,ND,ND,ND,1500,ND,ND,ND,,
772/21,The Thames,B16CM,London PHA,TR00508769,East of Havengore Creek,9/22/2021,ND,ND,ND,ND,ND,ND,ND,,
773/21,The Thames,B16BR,London PHA,TQ93798271,Phoenix,9/22/2021,ND,ND,ND,ND,ND,ND,ND,,
774/21,Milford Haven,B39CZ,Pembrokeshire CC,SM89000275,Tethys Oyster,9/22/2021,ND,ND,ND,ND,ND,ND,ND,,
775/21,Solent,B24BK,Southampton PHA,SZ57479794,Browndown,9/22/2021,ND,ND,ND,ND,ND,ND,ND,,
776/21,Southampton Water,B21AT,Southampton PHA,SU48760530,Hamble Estuary,9/22/2021,ND,ND,ND,ND,ND,ND,ND,,
777/21,Taw/Torridge,B36AB,Torridge DC,SS46573142,Spratt Ridge East,9/22/2021,ND,ND,ND,ND,ND,ND,ND,,
778/21,Porlock,B094D,Somerset West and Taunton Council,SS87114787,Porlock East,9/22/2021,ND,ND,ND,400,ND,ND,ND,,
779/21,Camel,B35AE,Cornwall CC,SW93407530,Porthilly Rock B,9/27/2021,ND,ND,ND,ND,ND,ND,ND,,
780/21,Lantivet Bay,B70AH,Cornwall PHA,SX16305094,Sandheap Point,9/27/2021,ND,100,ND,ND,ND,ND,ND,,
781/21,Mevagissey Bay,B70AK,Cornwall PHA,SX05214698,South Mevagissey Bottom,9/27/2021,ND,80,ND,1080,ND,ND,ND,,
782/21,Holy Island-Ross Links,B001M,Northumberland CC,NU12333958,Ross Links,9/26/2021,ND,ND,ND,ND,ND,ND,ND,,
783/21,Swansea,B037U,Swansea PHA,SS67659210,Queens Dock,9/27/2021,ND,ND,ND,11160,ND,ND,ND,,
784/21,Butley,B009E,East Suffolk DC,TM39434850,Pumping Station Outfall,9/28/2021,ND,ND,ND,ND,ND,ND,ND,,
785/21,Deben,B010O,East Suffolk DC,TM28834500,Stonner Point,9/28/2021,ND,ND,ND,ND,ND,ND,ND,,
786/21,Blackwater,B014V,Maldon DC,TL91160795,Goldhanger,9/27/2021,ND,ND,ND,ND,ND,ND,ND,,
787/21,Blakeney,B006R,North Norfolk DC,TF91804549,Wells - The Pool,9/28/2021,ND,ND,ND,2520,ND,ND,ND,,
788/21,Dart,B028B,South Hams DC,SX87415599,Waddeton,9/28/2021,ND,ND,ND,ND,ND,ND,ND,,
789/21,Brixham,B082B,Torbay BC,SX90965741,Fishcombe SW Corner,9/28/2021,ND,ND,ND,320,ND,ND,ND,,
790/21,Porthallow Cove,B34AA,Cornwall PHA,SW80212383,Porthallow North,9/29/2021,ND,ND,ND,ND,ND,ND,ND,,
791/21,Exe,B26BH,Teignbridge DC,SX97948072,Cockwood Harbour,9/29/2021,ND,ND,ND,ND,ND,ND,ND,,
792/21,Teign,B27AC,Teignbridge DC,SX92827284,Gas Works East,9/29/2021,ND,ND,ND,ND,ND,ND,ND,,
793/21,West Mersea,B013Z,Colchester BC,TM00001301,The Hard,10/4/2021,ND,ND,ND,ND,ND,ND,ND,,
795/21,Helford,B034W,Cornwall PHA,SW75462765,Porth Navas Quay,10/4/2021,ND,ND,ND,ND,ND,ND,ND,,
796/21,Lantivet Bay,B70AH,Cornwall PHA,SX16305094,Sandheap Point,10/4/2021,ND,ND,ND,ND,ND,ND,ND,,
797/21,Mevagissey Bay,B70AK,Cornwall PHA,SX05214698,South Mevagissey Bottom,10/4/2021,ND,ND,ND,2560,ND,ND,ND,,
798/21,Roach,B73AF,London PHA,TQ94909207,Paglesham,10/4/2021,ND,ND,ND,ND,ND,ND,ND,,
799/21,Holy Island-Ross Links,B001M,Northumberland CC,NU12333958,Ross Links,10/3/2021,ND,ND,100,ND,ND,ND,ND,,
800/21,Anglesey - Red Wharf Bay,B057J,Ynys Mon CC,SH53148022,Nodwydd,10/4/2021,ND,ND,ND,1640,ND,ND,ND,,
801/21,Dart,B028P,South Hams DC,SX87945350,Long Wood South,10/5/2021,ND,ND,ND,ND,ND,ND,ND,,
802/21,Start Bay,B087I,South Hams DC,SX84724671,Off Strete,10/5/2021,ND,ND,ND,ND,ND,ND,ND,,
803/21,Brixham,B082B,Torbay BC,SX90965741,Fishcombe SW Corner,10/4/2021,ND,80,ND,ND,ND,ND,ND,,
804/21,Taw/Torridge,B36AB,Torridge DC,SS46573142,Spratt Ridge East,10/4/2021,ND,ND,ND,ND,ND,ND,ND,,
805/21,Morecambe Bay - Barrow,B077Q,Barrow-in-Furness BC,SD23116464,Roa Island,10/6/2021,ND,ND,ND,800,ND,ND,ND,,
806/21,Porlock Relay,B094E,Somerset West and Taunton Council,SS87184778,Porlock Relay,10/6/2021,ND,ND,ND,ND,ND,ND,ND,,
807/21,Bigbury upon Avon,B030J,South Hams DC,SX67114467,South Hexdown North,10/6/2021,ND,ND,ND,ND,ND,ND,ND,,
808/21,The Thames,B16BS,London PHA,TQ88148489,West of Southend Pier,10/7/2021,ND,ND,ND,4800,ND,ND,ND,,
809/21,Blackwater,B14AD,Maldon DC,TM04060768,St Peters Flats,10/7/2021,ND,ND,ND,12500,ND,ND,ND,,
810/21,Langstone Harbour,B019I,Portsmouth PHA,SU70560339,Stoke Common Lake,10/6/2021,ND,ND,ND,ND,ND,ND,ND,,
811/21,Portsmouth Harbour,B020H,Portsmouth PHA,SU62850544,Paulsgrove,10/5/2021,ND,ND,ND,400,ND,ND,ND,,
812/21,Camel,B35AE,Cornwall CC,SW93407530,Porthilly Rock B,10/11/2021,ND,ND,ND,ND,ND,ND,ND,,
813/21,Lantivet Bay,B70AH,Cornwall PHA,SX16305094,Sandheap Point,10/11/2021,ND,ND,ND,320,ND,ND,ND,,
814/21,Mevagissey Bay,B70AK,Cornwall PHA,SX05214698,South Mevagissey Bottom,10/11/2021,ND,40,ND,3880,ND,ND,ND,,
815/21,St Austell Bay,B70AE,Cornwall PHA,SX05744972,Ropehaven Outer,10/11/2021,ND,80,ND,12320,ND,ND,ND,,
816/21,Portland,B25AK,Dorset Council,SY68707757,Site A,10/11/2021,ND,240,ND,1040,ND,ND,ND,,
817/21,Brancaster,B05AS,Kings Lynn & W Norfolk BC,TF79884539,Norton Creek Mussels,10/11/2021,ND,ND,ND,19900,ND,ND,ND,,
818/21,Holy Island-Ross Links,B001M,Northumberland CC,NU12333958,Ross Links,10/11/2021,ND,ND,ND,ND,ND,ND,ND,,
819/21,Fal,B033E,Cornwall PHA,SW85134212,Grimes Bar,10/12/2021,ND,ND,ND,300,ND,ND,ND,,
820/21,Fal,B33BG,Cornwall PHA,SW82803517,Mylor Pool,10/12/2021,ND,ND,ND,1000,ND,ND,ND,,
821/21,Fal,B33BD,Cornwall PHA,SW84093949,Trelissick Pontoon,10/12/2021,ND,ND,ND,400,ND,ND,ND,,
822/21,The Fleet,B25AI,Dorset Council,SY66477627,Fleet Oysters,10/12/2021,ND,ND,ND,ND,ND,ND,ND,,
823/21,Butley,B009E,East Suffolk DC,TM39434850,Pumping Station Outfall,10/12/2021,ND,ND,ND,ND,ND,ND,ND,,
824/21,Deben,B010O,East Suffolk DC,TM28834500,Stonner Point,10/12/2021,"Unable to analyse, too much sediment","Unable to analyse, too much sediment","Unable to analyse, too much sediment","Unable to analyse, too much sediment","Unable to analyse, too much sediment","Unable to analyse, too much sediment","Unable to analyse, too much sediment",,
825/21,Blakeney,B006R,North Norfolk DC,TF91804549,Wells - The Pool,10/12/2021,ND,ND,ND,39400,ND,ND,ND,,
826/21,Milford Haven,B39CZ,Pembrokeshire CC,SM89000275,Tethys Oyster,10/11/2021,ND,ND,ND,ND,ND,ND,ND,,
827/21,Swansea,B037U,Swansea PHA,SS67659210,Queens Dock,10/12/2021,ND,ND,ND,160,ND,ND,ND,,
828/21,Lyme Bay,B090M,Torbay BC,UNVERIFIED,Site 1,10/11/2021,ND,40,ND,ND,ND,ND,ND,,
829/21,Poole,B54CI,"Bournemouth, Poole and Christchurch Council",SZ01818871,West Brownsea 1,10/13/2021,ND,ND,ND,ND,ND,ND,ND,,
830/21,Percuil,B033R,Cornwall PHA,SW85853369,Percuil,10/13/2021,ND,ND,40,2680,ND,ND,ND,,
831/21,Porthallow Cove,B34AA,Cornwall PHA,SW80212383,Porthallow North,10/13/2021,ND,160,ND,20880,ND,ND,ND,,
832/21,Exe,B26BH,Teignbridge DC,SX97948072,Cockwood Harbour,10/13/2021,ND,ND,ND,ND,ND,ND,ND,,
833/21,Teign,B27AC,Teignbridge DC,SX92827284,Gas Works East,10/13/2021,ND,ND,ND,ND,ND,ND,ND,,
835/21,Lune,BO66Z,Wyre BC,SD34194862,Knott Spit,10/12/2021,ND,200,ND,800,ND,ND,ND,,
836/21,Solent,B24BK,Southampton PHA,SZ57479794,Browndown,10/13/2021,ND,ND,ND,ND,ND,ND,ND,,
837/21,Southampton Water,B21AT,Southampton PHA,SU48760530,Hamble Estuary,10/13/2021,ND,ND,ND,ND,ND,ND,ND,,
838/21,North Kent Coast,B17BS,Canterbury CC,TR10326689,WOCO Westbeach,10/18/2021,ND,ND,ND,ND,ND,ND,ND,,
839/21,West Mersea,B013Z,Colchester BC,TM00001301,The Hard,10/18/2021,ND,ND,ND,ND,ND,ND,ND,,
841/21,Conwy,B044V,Conwy CBC,SH76317972,Conwy West,10/18/2021,ND,ND,ND,4400,ND,ND,ND,,
842/21,Mevagissey Bay,B70AK,Cornwall PHA,SX05214698,South Mevagissey Bottom,10/17/2021,ND,200,ND,13200,ND,ND,ND,,
843/21,Portland,B25AK,Dorset Council,SY68707757,Site A,10/18/2021,ND,ND,ND,720,ND,ND,ND,,
844/21,Morecambe Bay - Barrow,B077Q,Barrow-in-Furness BC,SD23116464,Roa Island,10/19/2021,ND,ND,ND,ND,ND,ND,ND,,
845/21,Burry Inlet,B038L,City and Council of Swansea,SS43409470,Whitford Point,10/19/2021,ND,ND,ND,ND,ND,ND,ND,,
846/21,Deben,B010O,East Suffolk DC,TM28834500,Stonner Point,10/19/2021,"Unable to analyse, too much sediment","Unable to analyse, too much sediment","Unable to analyse, too much sediment","Unable to analyse, too much sediment","Unable to analyse, too much sediment","Unable to analyse, too much sediment","Unable to analyse, too much sediment",,
848/21,Lune,BO66Z,Wyre BC,SD34194862,Knott Spit,10/19/2021,ND,ND,ND,400,ND,ND,ND,,
849/21,Burry Inlet,B038Y,Carmarthenshire CC,SS50209860,Machynys,10/20/2021,ND,ND,17480,ND,ND,ND,ND,,
850/21,Porthallow Cove,B34AA,Cornwall PHA,SW80212383,Porthallow North,10/20/2021,ND,80,ND,4360,ND,ND,40,,
851/21,Swale,B076P,Swale BC,TR01316497,The Causeway,10/21/2021,ND,ND,ND,200,ND,ND,ND,,
852/21,Camel,B35AE,Cornwall CC,SW93407530,Porthilly Rock B,10/25/2021,ND,ND,ND,ND,ND,ND,ND,,
853/21,St Austell Bay,B70AE,Cornwall PHA,SX05744972,Ropehaven Outer,10/25/2021,ND,40,ND,7080,ND,ND,ND,,
854/21,Crouch,B015Y,Maldon DC,TQ90429738,Althorne,10/26/2021,ND,ND,ND,ND,ND,ND,ND,,
855/21,Lyme Bay,B090M,Torbay BC,UNVERIFIED,Site 1,10/25/2021,ND,40,ND,ND,ND,ND,ND,,
856/21,Burry Inlet,B038I,City and Council of Swansea,SS50509590,South East 4,10/27/2021,ND,ND,ND,ND,ND,ND,ND,,
857/21,Dee,B45AB,Flintshire CC,SJ17568056,Salisbury,10/26/2021,ND,ND,ND,ND,ND,ND,ND,,
858/21,Blackwater,B014V,Maldon DC,TL91160795,Goldhanger,11/1/2021,"Unable to analyse, too much sediment","Unable to analyse, too much sediment","Unable to analyse, too much sediment","Unable to analyse, too much sediment","Unable to analyse, too much sediment","Unable to analyse, too much sediment","Unable to analyse, too much sediment",,
859/21,Lantivet Bay,B70AH,Cornwall PHA,SX16305094,Sandheap Point,11/1/2021,ND,ND,ND,2400,ND,ND,ND,,
860/21,Mevagissey Bay,B70AK,Cornwall PHA,SX05214698,South Mevagissey Bottom,11/1/2021,ND,ND,ND,1280,ND,ND,ND,,
861/21,St Austell Bay,B70AE,Cornwall PHA,SX05744972,Ropehaven Outer,11/1/2021,ND,40,ND,3440,ND,ND,ND,,
862/21,Taw/Torridge,B36AB,Torridge DC,SS46573142,Spratt Ridge East,11/1/2021,ND,ND,ND,ND,ND,ND,ND,,
863/21,Roach,B73AF,London PHA,TQ94909207,Paglesham,11/3/2021,ND,ND,ND,ND,ND,ND,ND,,
864/21,Dart,B028P,South Hams DC,SX87945350,Long Wood South,11/4/2021,ND,ND,ND,ND,ND,ND,ND,,
865/21,Start Bay,B087I,South Hams DC,SX84724671,Off Strete,11/4/2021,ND,ND,ND,240,ND,ND,ND,,
866/21,Burry Inlet,B038Y,Carmarthenshire CC,SS50209860,Machynys,11/8/2021,ND,ND,6160,ND,ND,ND,ND,,
867/21,Conwy,B044V,Conwy CBC,SH76317972,Conwy West,11/8/2021,ND,ND,ND,ND,ND,ND,ND,,
868/21,Brancaster,B05AS,Kings Lynn & W Norfolk BC,TF79884539,Norton Creek Mussels,11/8/2021,ND,ND,ND,7900,ND,ND,ND,,
869/21,Holy Island-Ross Links,B001M,Northumberland CC,NU12333958,Ross Links,11/8/2021,ND,ND,ND,ND,ND,ND,ND,,
870/21,Porlock Relay,B094E,Somerset West and Taunton Council,SS87184778,Porlock Relay,11/8/2021,ND,ND,ND,ND,ND,ND,ND,,
871/21,Bigbury upon Avon,B030J,South Hams DC,SX67114467,South Hexdown North,11/8/2021,ND,ND,ND,ND,ND,ND,ND,,
872/21,The Wash,B003V,Boston BC,TF44234098,Toft,11/8/2021,ND,ND,ND,ND,ND,ND,ND,,
873/21,Poole,B54CI,"Bournemouth, Poole and Christchurch Council",SZ01818871,West Brownsea 1,11/9/2021,ND,ND,ND,ND,ND,ND,ND,,
874/21,North Kent Coast,B17BS,Canterbury CC,TR10326689,WOCO Westbeach,11/8/2021,ND,ND,ND,ND,ND,ND,ND,,
875/21,Fal,B033E,Cornwall PHA,SW85134212,Grimes Bar,11/9/2021,ND,ND,ND,400,ND,ND,ND,,
876/21,Fal,B33BG,Cornwall PHA,SW82803517,Mylor Pool,11/9/2021,ND,ND,ND,400,ND,ND,ND,,
877/21,Fal (Lower),B33BW,Cornwall PHA,SW83663789,East Bank North,11/9/2021,ND,ND,ND,400,ND,ND,200,,
878/21,Fal,B33BD,Cornwall PHA,SW84093949,Trelissick Pontoon,11/9/2021,ND,ND,ND,360,ND,ND,40,,
879/21,The Fleet,B25AI,Dorset Council,SY66477627,Fleet Oysters,11/9/2021,ND,ND,ND,80,ND,ND,ND,,
880/21,Butley,B009E,East Suffolk DC,TM39434850,Pumping Station Outfall,11/9/2021,ND,ND,ND,ND,ND,ND,ND,,
881/21,Deben,B010O,East Suffolk DC,TM28834500,Stonner Point,11/9/2021,ND,ND,ND,ND,ND,ND,ND,,
882/21,The Wash,B04AP,Kings Lynn & W Norfolk BC,TF65963701,Stubborn Sand,11/8/2021,ND,ND,ND,ND,ND,ND,200,,
883/21,The Thames,B16BS,London PHA,TQ88148489,West of Southend Pier,11/9/2021,ND,ND,ND,ND,ND,ND,ND,,
884/21,Blackwater,B14AD,Maldon DC,TM04060768,St Peters Flats,11/9/2021,ND,ND,ND,ND,ND,ND,ND,,
885/21,Blakeney,B006R,North Norfolk DC,TF91804549,Wells - The Pool,11/9/2021,ND,ND,ND,5400,ND,ND,ND,,
886/21,Solent,B24BK,Southampton PHA,SZ57479794,Browndown,11/9/2021,ND,ND,ND,ND,ND,ND,ND,,
887/21,Southampton Water,B21AT,Southampton PHA,SU48760530,Hamble Estuary,11/9/2021,ND,ND,ND,ND,ND,ND,ND,,
888/21,Brixham,B082B,Torbay BC,SX90965741,Fishcombe SW Corner,11/8/2021,ND,ND,ND,400,ND,ND,ND,,
889/21,Lyme Bay,B090M,Torbay BC,UNVERIFIED,Site 1,11/8/2021,ND,ND,ND,80,ND,ND,ND,,
890/21,Lune,BO66Z,Wyre BC,SD34194862,Knott Spit,11/9/2021,"Unable to analyse, too much sediment","Unable to analyse, too much sediment","Unable to analyse, too much sediment","Unable to analyse, too much sediment","Unable to analyse, too much sediment","Unable to analyse, too much sediment","Unable to analyse, too much sediment",,
892/21,Percuil,B033R,Cornwall PHA,SW85853369,Percuil,11/10/2021,ND,ND,ND,ND,ND,ND,200,,
893/21,Menai Strait East,B055S,Gwynedd CC,SH58337328,West of Bangor Pier,11/9/2021,ND,ND,ND,400,ND,ND,ND,,
894/21,Menai Strait West,B042O,Gwynedd CC,SH49916579,Area 11 East,11/10/2021,ND,ND,ND,1400,ND,ND,ND,,
895/21,Milford Haven,B39CZ,Pembrokeshire CC,SM89000275,Tethys Oyster,11/10/2021,ND,ND,ND,ND,ND,ND,ND,,
896/21,Exe,B26BH,Teignbridge DC,SX97948072,Cockwood Harbour,11/10/2021,ND,ND,ND,ND,ND,ND,200,,
897/21,Teign,B27AC,Teignbridge DC,SX92827284,Gas Works East,11/10/2021,ND,ND,ND,240,ND,ND,ND,,
898/21,Dee,B45AB,Flintshire CC,SJ17568056,Salisbury,11/11/2021,ND,ND,ND,ND,ND,ND,ND,,
899/21,Swale,B076P,Swale BC,TR01316497,The Causeway,11/11/2021,ND,ND,ND,ND,ND,ND,ND,,
,,,,,,,,,,,,,,,
,,,,,,,,,,,,,,,
Note,,,,,,,,,,,,,,,
1 = Information relating to the origin of samples (location & date of collection) is as provided by third parties and has not been verified by Cefas.,,,,,,,,,,,,,,,
,,,,,,,,,,,,,,,
Key,,,,,,,,,,,,,,,
The trigger levels for phytoplankton samples are as follows (breach of these levels leads to requests for additional flesh and water samples):,,,,,,,,,,,,,,,
Alexandrium spp. (PSP) - 40 cells/litre,,,,,,,,,,,,,,,
Dinophysiaceae/Prorocentrum lima (DSP) - 100 cells/litre,,,,,,,,,,,,,,,
"Pseudo-nitzschia spp. (ASP) - 150,000 cells/litre",,,,,,,,,,,,,,,
Phytoplankton cell count ? trigger Level,,,,,,,,,,,,,,,
Unsuitable sample,,,,,,,,,,,,,,,
